,cover_url
0,https://images-na.ssl-images-amazon.com/images/I/91hPXkwnaeL.jpg
1,"https://images-na.ssl-images-amazon.com/images/I/51NrIXHzJPL._SX373_BO1,204,203,200_.jpg"
2,https://images-na.ssl-images-amazon.com/images/I/91b8oNwaV1L.jpg
3,https://images-na.ssl-images-amazon.com/images/I/91UDzcPH-nL.jpg
4,https://images-na.ssl-images-amazon.com/images/I/81NUBiDacoL.jpg
5,https://images-na.ssl-images-amazon.com/images/I/A12KkuFw6kL.jpg
6,https://images-na.ssl-images-amazon.com/images/I/51GSIaLto9L.jpg
7,https://images-na.ssl-images-amazon.com/images/I/91zAe4EXmjL.jpg
8,https://m.media-amazon.com/images/I/51ig5B0fGTL.jpg
9,https://images-na.ssl-images-amazon.com/images/I/91GWKIu0UjL.jpg
10,https://images-na.ssl-images-amazon.com/images/I/91pbvnDj5FL.jpg
11,https://upload.wikimedia.org/wikipedia/en/thumb/d/db/The_Gunslinger.jpg/220px-The_Gunslinger.jpg
12,https://images-na.ssl-images-amazon.com/images/I/71r-erZcudL.jpg
13,"https://images-na.ssl-images-amazon.com/images/I/61lweJbloTL._SX324_BO1,204,203,200_.jpg"
14,https://bloximages.chicago2.vip.townnews.com/siouxcityjournal.com/content/tncms/assets/v3/editorial/f/40/f40551a4-229c-5761-89cd-72c14954942a/54f8d3cbaacca.image.jpg
15,https://images-na.ssl-images-amazon.com/images/I/817CteSzxqL.jpg
16,https://images-na.ssl-images-amazon.com/images/I/510yzqD6ukL.jpg
17,https://images-na.ssl-images-amazon.com/images/I/71aYu527ONL.jpg
18,https://images-na.ssl-images-amazon.com/images/I/91hGlJv7bBL.jpg
19,https://images-na.ssl-images-amazon.com/images/I/61DEHjW8GlL.jpg
20,https://upload.wikimedia.org/wikipedia/en/thumb/3/37/Mists_of_Avalon-1st_ed.jpg/220px-Mists_of_Avalon-1st_ed.jpg
21,https://i.gr-assets.com/images/S/compressed.photo.goodreads.com/books/1293655399l/518848.jpg
22,https://images-na.ssl-images-amazon.com/images/I/81NX-69L22L.jpg
23,https://i.gr-assets.com/images/S/compressed.photo.goodreads.com/books/1388293150l/7008431.jpg
24,https://images-na.ssl-images-amazon.com/images/I/71L03xomMfL.jpg
25,https://images-na.ssl-images-amazon.com/images/I/A1f6cEPJeHL.jpg
26,"https://images-na.ssl-images-amazon.com/images/I/51+PBogr1rL._SX303_BO1,204,203,200_.jpg"
27,https://i.gr-assets.com/images/S/compressed.photo.goodreads.com/books/1331548394i/3236307._UY475_SS475_.jpg
28,https://static.wikia.nocookie.net/discworld/images/7/76/TCoM_cover.jpg/revision/latest/scale-to-width-down/340?cb=20070107074953
29,"https://images-na.ssl-images-amazon.com/images/I/51FuLRqRQwL._SX307_BO1,204,203,200_.jpg"
30,https://m.media-amazon.com/images/I/519+-mEzKZL.jpg
31,https://images-na.ssl-images-amazon.com/images/I/919ig+92jiL.jpg
32,https://images-na.ssl-images-amazon.com/images/I/81o27Vl468L.jpg
33,"https://images-na.ssl-images-amazon.com/images/I/51JjbofXvGL._SX322_BO1,204,203,200_.jpg"
34,https://images-na.ssl-images-amazon.com/images/I/81bcnGzq7WL.jpg
35,https://images-na.ssl-images-amazon.com/images/I/91G493RaXxL.jpg
36,"https://images-eu.ssl-images-amazon.com/images/I/51pKVdnAKTL._AC_UL600_SR396,600_.jpg"
37,https://i.gr-assets.com/images/S/compressed.photo.goodreads.com/books/1295382040l/1170158.jpg
38,https://images-na.ssl-images-amazon.com/images/I/91luv8FvcWL.jpg
39,"https://images-na.ssl-images-amazon.com/images/I/51vR09S0yQL._SX331_BO1,204,203,200_.jpg"
40,https://images-na.ssl-images-amazon.com/images/I/91d-EdjB8tL.jpg
41,https://images-na.ssl-images-amazon.com/images/I/814JAEaDd6L.jpg
42,https://images-na.ssl-images-amazon.com/images/I/91+dhWIZp+L.jpg
43,"https://images-na.ssl-images-amazon.com/images/I/51fBu+0md0L._SX318_BO1,204,203,200_.jpg"
44,https://images-na.ssl-images-amazon.com/images/I/51ZeePNspSL.jpg
45,https://images-na.ssl-images-amazon.com/images/I/617j+TGPwDL.jpg
46,https://i.pinimg.com/originals/ac/bb/09/acbb097a5ba5b161807364af3eeaca5a.jpg
47,https://images-na.ssl-images-amazon.com/images/I/91y-Lls5cvL.jpg
48,https://upload.wikimedia.org/wikipedia/en/thumb/a/a7/Warbreaker_cover.jpg/220px-Warbreaker_cover.jpg
49,https://images-na.ssl-images-amazon.com/images/I/91nUbNahECL.jpg
50,https://images-na.ssl-images-amazon.com/images/I/9190BuNfU-L.jpg
51,https://images-na.ssl-images-amazon.com/images/I/91ctJtIIXML.jpg
52,"https://images-na.ssl-images-amazon.com/images/I/51Nsp4D91pL._SX308_BO1,204,203,200_.jpg"
53,https://static.wikia.nocookie.net/blackcompany/images/7/73/Chronicles-of-the-black-company.jpg/revision/latest/top-crop/width/360/height/450?cb=20151018062045
54,https://images-na.ssl-images-amazon.com/images/I/71JjutFjJZL.jpg
55,https://images-na.ssl-images-amazon.com/images/I/51+cceyY8cL.jpg
56,https://i.gr-assets.com/images/S/compressed.photo.goodreads.com/books/1435098931l/47953._SY475_.jpg
57,https://i.gr-assets.com/images/S/compressed.photo.goodreads.com/books/1563198223l/407813._SY475_.jpg
58,"https://images-na.ssl-images-amazon.com/images/I/51h8OfN6OZL._SX316_BO1,204,203,200_.jpg"
59,https://upload.wikimedia.org/wikipedia/en/thumb/8/85/The_Children_of_Hurin_cover.jpg/220px-The_Children_of_Hurin_cover.jpg
60,https://images-na.ssl-images-amazon.com/images/I/51PwkSWh%2BSL._AC_SY780_.jpg
61,https://images-na.ssl-images-amazon.com/images/I/81xWK6RmUiL.jpg
62,https://images-na.ssl-images-amazon.com/images/I/51xeWoavRUL.jpg
63,https://mir-s3-cdn-cf.behance.net/project_modules/max_1200/9c59e260626495.5a540d319ac48.jpg
64,https://upload.wikimedia.org/wikipedia/en/0/0b/Eyesofthedragon.jpg
65,https://i.gr-assets.com/images/S/compressed.photo.goodreads.com/books/1181410214l/1148721._SY475_.jpg
66,"https://images-na.ssl-images-amazon.com/images/I/71QSVSATZ6L._SX280_BO1,204,203,200_.gif"
67,https://i.gr-assets.com/images/S/compressed.photo.goodreads.com/books/1386642407l/77366.jpg
68,https://images-na.ssl-images-amazon.com/images/I/81XVeRJ0qDL.jpg
69,https://images-na.ssl-images-amazon.com/images/I/515z4MNZ4iL.jpg
70,https://upload.wikimedia.org/wikipedia/en/thumb/1/1b/Deed_of_Paksenarrion.JPG/200px-Deed_of_Paksenarrion.JPG
71,https://images-na.ssl-images-amazon.com/images/I/815DVMYkIIL.jpg
72,https://images-na.ssl-images-amazon.com/images/I/81jjZvtpC6L.jpg
73,https://upload.wikimedia.org/wikipedia/en/thumb/c/c5/Elantris_cover.jpg/200px-Elantris_cover.jpg
74,https://images-na.ssl-images-amazon.com/images/I/71UP4i8KZJL.jpg
75,"https://images-na.ssl-images-amazon.com/images/I/51HzuXfCIYL._SX320_BO1,204,203,200_.jpg"
76,https://images-na.ssl-images-amazon.com/images/I/81sc9RIIoRL.jpg
77,https://images.squarespace-cdn.com/content/v1/55aafde4e4b0ba3603373e89/1460510406852-Y8IG190ALP76TW0BPW9N/ke17ZwdGBToddI8pDm48kKGabmNupXgg-stlVX8gLutZw-zPPgdn4jUwVcJE1ZvWhcwhEtWJXoshNdA9f1qD7Xj1nVWs2aaTtWBneO2WM-sXHsB5QqZTaBOMKBVW-bruOIo0eo0lI3vdrOnJ9Ig8fQ/image-asset.jpeg
78,https://i.gr-assets.com/images/S/compressed.photo.goodreads.com/books/1524764327l/29127._SY475_.jpg
79,"https://images-na.ssl-images-amazon.com/images/I/51ckmyav-OL._SX303_BO1,204,203,200_.jpg"
80,https://images-na.ssl-images-amazon.com/images/I/91uIxq65SVL.jpg
81,https://m.media-amazon.com/images/I/51hQ4EstmyL.jpg
82,https://images-na.ssl-images-amazon.com/images/I/51d+KiiILRL.jpg
83,"https://images-na.ssl-images-amazon.com/images/I/41TL6EEQNWL._SX322_BO1,204,203,200_.jpg"
84,"https://images-na.ssl-images-amazon.com/images/I/51DpD-RRegL._SX293_BO1,204,203,200_.jpg"
85,https://joeabercrombie.com//wp-content/uploads/2011/08/Abercrombie_Best-Serve13DD.jpg
86,https://m.media-amazon.com/images/I/51dt2GHCFaL.jpg
87,https://i.gr-assets.com/images/S/compressed.photo.goodreads.com/books/1386749176l/147843.jpg
88,"https://images-na.ssl-images-amazon.com/images/I/51UXHP9UTDL._SX302_BO1,204,203,200_.jpg"
89,https://images-na.ssl-images-amazon.com/images/I/91E0ZePGqQL.jpg
90,https://images-na.ssl-images-amazon.com/images/I/A16ISl7IZAL.jpg
91,https://images-na.ssl-images-amazon.com/images/I/81RPa1UMMwL.jpg
92,"https://images-na.ssl-images-amazon.com/images/I/51gVsXh27lL._SX302_BO1,204,203,200_.jpg"
93,https://m.media-amazon.com/images/I/51QgptKTMfL.jpg
94,https://m.media-amazon.com/images/I/51-Gp4GdwQL.jpg
95,"https://images-na.ssl-images-amazon.com/images/I/51LJr0L05CL._SX330_BO1,204,203,200_.jpg"
96,https://images-na.ssl-images-amazon.com/images/I/91-kDRBXAvL.jpg
97,https://images-na.ssl-images-amazon.com/images/I/71QIssLn4dL.jpg
98,https://images-na.ssl-images-amazon.com/images/I/81lo8eKCGCL.jpg
99,https://images-na.ssl-images-amazon.com/images/I/91dyclB5oJL.jpg
100,https://i.pinimg.com/originals/d3/d0/7e/d3d07e769a69c19210932dcb20eee759.png
101,https://images-na.ssl-images-amazon.com/images/I/814GSImJmJL.jpg
102,https://images-na.ssl-images-amazon.com/images/I/81v-+sxyw9L.jpg
103,https://images-na.ssl-images-amazon.com/images/I/81hDFK4Hr1L.jpg
104,https://images-na.ssl-images-amazon.com/images/I/91kdwRGK79L.jpg
105,https://m.media-amazon.com/images/I/51LHMEObBwL.jpg
106,https://i.gr-assets.com/images/S/compressed.photo.goodreads.com/books/1388201276l/618177.jpg
107,https://i.gr-assets.com/images/S/compressed.photo.goodreads.com/books/1447493572i/10762697._SS2000_.jpg
108,https://images-na.ssl-images-amazon.com/images/I/91tW6VNmVeL.jpg
109,https://brightweavings.com/wp-content/uploads/2018/03/canadaarbonne.jpg
110,"https://images-na.ssl-images-amazon.com/images/I/51-XEoIh3cL._SX301_BO1,204,203,200_.jpg"
111,https://images-na.ssl-images-amazon.com/images/I/91+ZGUrymsL.jpg
112,https://m.media-amazon.com/images/I/51iyy40a14L.jpg
113,https://images-na.ssl-images-amazon.com/images/I/71NgXjsmekL.jpg
114,"https://images-na.ssl-images-amazon.com/images/I/51pW2+dYE+L._SX331_BO1,204,203,200_.jpg"
115,"https://images-na.ssl-images-amazon.com/images/I/51ElzAa4h9L._SX324_BO1,204,203,200_.jpg"
116,https://images-na.ssl-images-amazon.com/images/I/91ERSJvVv-L.jpg
117,"https://images-na.ssl-images-amazon.com/images/I/61tSwdwn+uL._SX323_BO1,204,203,200_.jpg"
118,"https://images-na.ssl-images-amazon.com/images/I/517iJ4zCIVL._SX301_BO1,204,203,200_.jpg"
119,https://images-na.ssl-images-amazon.com/images/I/81xAF-yaxaL.jpg
120,https://images-na.ssl-images-amazon.com/images/I/81ZGDc0cYtL.jpg
121,https://images-na.ssl-images-amazon.com/images/I/A1gACmqyxSL.jpg
122,https://images-na.ssl-images-amazon.com/images/I/81GvNdZqETL.jpg
123,https://images-na.ssl-images-amazon.com/images/I/91SQDQFyTZL.jpg
124,https://images-na.ssl-images-amazon.com/images/I/91zvP7AzhIL.jpg
125,https://i.gr-assets.com/images/S/compressed.photo.goodreads.com/books/1403189779l/671560.jpg
126,https://i.gr-assets.com/images/S/compressed.photo.goodreads.com/books/1540852269l/42551611._SX318_.jpg
127,https://images-na.ssl-images-amazon.com/images/I/914yEQH3EZL.jpg
128,https://upload.wikimedia.org/wikipedia/en/thumb/6/63/DavidEddings_TheRedemptionOfAlthalus.jpg/220px-DavidEddings_TheRedemptionOfAlthalus.jpg
129,https://images-na.ssl-images-amazon.com/images/I/81+q20GTi9L.jpg
130,https://i.pinimg.com/originals/18/04/7a/18047a8eb286f0340fc21dfbe65bf2fb.jpg
131,https://images-na.ssl-images-amazon.com/images/I/91zPO9KaRwL.jpg
132,https://upload.wikimedia.org/wikipedia/en/c/c5/DSB_final_6_1.jpg
133,https://images-na.ssl-images-amazon.com/images/I/91OtislbfVL.jpg
134,https://images-na.ssl-images-amazon.com/images/I/81svv3An4oL.jpg
135,https://static.wikia.nocookie.net/firstlaw/images/1/16/Before_They_Are_Hanged_UK_hardcover.jpg/revision/latest?cb=20110821153124
136,"https://images-na.ssl-images-amazon.com/images/I/41SEGeLltTL._SX316_BO1,204,203,200_.jpg"
137,"https://images-na.ssl-images-amazon.com/images/I/51JOQod4J1L._SX319_BO1,204,203,200_.jpg"
138,https://i.gr-assets.com/images/S/compressed.photo.goodreads.com/books/1331535456l/6137154._SY475_.jpg
139,"https://images-na.ssl-images-amazon.com/images/I/51T4I1pbZkL._SX332_BO1,204,203,200_.jpg"
140,"https://images-eu.ssl-images-amazon.com/images/I/81l4X2OMqGL.__BG0,0,0,0_FMpng_AC_UL600_SR399,600_.jpg"
141,https://m.media-amazon.com/images/I/61+D78JwplL.jpg
142,https://i.gr-assets.com/images/S/compressed.photo.goodreads.com/books/1347914081l/16031258.jpg
143,https://images-na.ssl-images-amazon.com/images/I/814JAEaDd6L.jpg
144,https://upload.wikimedia.org/wikipedia/en/4/49/American_gods.jpg
145,https://images-na.ssl-images-amazon.com/images/I/61s-XkM8RiL.jpg
146,https://images-na.ssl-images-amazon.com/images/I/51iruAauEmL.jpg
147,https://i.pinimg.com/originals/75/7a/a2/757aa27d1f2a0c8e8a44415d3945458f.jpg
148,https://static.wikia.nocookie.net/firstlaw/images/0/02/The_Heroes_UK_hardcover.jpg/revision/latest?cb=20110821154112
149,https://images-na.ssl-images-amazon.com/images/I/81qA+GYQpeL.jpg
150,https://m.media-amazon.com/images/I/51bmVCiZxLL.jpg
151,https://images-na.ssl-images-amazon.com/images/I/51mvuk9itRL._SX342_SY445_QL70_ML2_.jpg
152,https://upload.wikimedia.org/wikipedia/en/2/28/The_Sum_of_All_Men.jpg
153,https://images-na.ssl-images-amazon.com/images/I/91nWVkMJXWL.jpg
154,https://images-na.ssl-images-amazon.com/images/I/9109avhGZHL.jpg
155,https://i.gr-assets.com/images/S/compressed.photo.goodreads.com/books/1595644612l/6586772._SY475_.jpg
156,https://i.pinimg.com/originals/99/54/33/995433685ae8e34863b2b245a030f4f7.jpg
157,https://images-na.ssl-images-amazon.com/images/I/81M5TbvjvqL.jpg
158,https://m.media-amazon.com/images/I/51nORBDRk7L.jpg
159,https://images-na.ssl-images-amazon.com/images/I/A1xQ-hkfksL.jpg
160,https://upload.wikimedia.org/wikipedia/en/0/01/The_Fifth_Season_%28novel%29.jpg
161,"https://images-na.ssl-images-amazon.com/images/I/518OkpguELL._SX340_BO1,204,203,200_.jpg"
162,https://images-na.ssl-images-amazon.com/images/I/91pj16LXA5L.jpg
163,https://upload.wikimedia.org/wikipedia/en/thumb/7/7e/Weaveworld.jpg/220px-Weaveworld.jpg
164,https://images-na.ssl-images-amazon.com/images/I/71m4a6JOE2L.jpg
165,https://images-na.ssl-images-amazon.com/images/I/81ex3x-yGZL.jpg
166,https://images-na.ssl-images-amazon.com/images/I/81mSNsiLjLL.jpg
167,https://m.media-amazon.com/images/I/51ZswyEUu2L.jpg
168,https://images-na.ssl-images-amazon.com/images/I/81UdcWmRchL.jpg
169,https://images-na.ssl-images-amazon.com/images/I/519UCUYHBEL.jpg
170,https://upload.wikimedia.org/wikipedia/en/thumb/5/5d/Brandon_Sanderson_Oathbringer_book_cover.jpg/220px-Brandon_Sanderson_Oathbringer_book_cover.jpg
171,https://images-na.ssl-images-amazon.com/images/I/A1jNGcQgaoL.jpg
172,https://images-na.ssl-images-amazon.com/images/I/51-5DBE8jAL.jpg
173,"https://images-na.ssl-images-amazon.com/images/I/51EGmFis4+L._SX283_BO1,204,203,200_.jpg"
174,"https://images-na.ssl-images-amazon.com/images/I/51xZyacQtPL._SX310_BO1,204,203,200_.jpg"
175,https://images-na.ssl-images-amazon.com/images/I/61lOzFHYEqL.jpg
176,https://images-na.ssl-images-amazon.com/images/I/A1kIdqOVyRL.jpg
177,https://upload.wikimedia.org/wikipedia/en/e/e2/Imajica-250.jpg
178,"https://images-na.ssl-images-amazon.com/images/I/51zW9xqOJuL._SX316_BO1,204,203,200_.jpg"
179,https://images-na.ssl-images-amazon.com/images/I/9177lf8SYEL.jpg
180,"https://images-na.ssl-images-amazon.com/images/I/5156ImK2uAL._SX330_BO1,204,203,200_.jpg"
181,https://covers.openlibrary.org/b/id/8245199-L.jpg
182,https://m.media-amazon.com/images/I/51U5LSYpe6L.jpg
183,https://upload.wikimedia.org/wikipedia/en/thumb/c/c1/Alchemyst_Nicholas_Flamel.jpg/220px-Alchemyst_Nicholas_Flamel.jpg
184,https://images-na.ssl-images-amazon.com/images/I/51RtcrVmcYL.jpg
185,https://images-na.ssl-images-amazon.com/images/I/81DvkYmsl6L.jpg
186,https://images-na.ssl-images-amazon.com/images/I/6120tuc6gTL.jpg
187,https://images-na.ssl-images-amazon.com/images/I/81ABoIuRauL.jpg
188,https://blackwells.co.uk/jacket/l/9780199928088.jpg
189,https://static.wikia.nocookie.net/witcher/images/4/40/Us_blood_of_elves_new.jpg.jpg/revision/latest?cb=20151218124234
190,https://lh3.googleusercontent.com/proxy/e8r6YBSS-wDXsgnIbKXKNBMC-nz39emxOcuiETKZduiU8wC4qmGdE7zrHx86cc1BpN3ZMHQdYkysUsK_UbNq5-tw0dVg2XfaE8dfoVZEHUwxrSp7ZqymRmp7T6ILluGCd0jtUn6Ml_c
191,https://images-na.ssl-images-amazon.com/images/I/81OdwfSJCDL.jpg
192,https://images-na.ssl-images-amazon.com/images/I/71MXZqweADL.jpg
193,https://upload.wikimedia.org/wikipedia/en/thumb/3/39/AsprinThievesWorldVelezCover.jpg/220px-AsprinThievesWorldVelezCover.jpg
194,https://images-na.ssl-images-amazon.com/images/I/91Uf1zOSI9L.jpg
195,"https://images-eu.ssl-images-amazon.com/images/I/51zq3h0APQL.__BG0,0,0,0_FMpng_AC_UL600_SR372,600_.jpg"
196,https://static.wikia.nocookie.net/wot/images/c/ca/AMOL_cover_lg.jpg/revision/latest?cb=20120503151825
197,https://images-na.ssl-images-amazon.com/images/I/716meDfRaxL.jpg
198,"https://images-na.ssl-images-amazon.com/images/I/51xuuYtUsfL._SX307_BO1,204,203,200_.jpg"
199,https://images.squarespace-cdn.com/content/v1/5c56836365a7078e20013863/1602096589832-VH0CP02RV9NVJ2ECUKDX/ke17ZwdGBToddI8pDm48kJNDhPMcsO_TOiarXWVm8cB7gQa3H78H3Y0txjaiv_0fDoOvxcdMmMKkDsyUqMSsMWxHk725yiiHCCLfrh8O1z5QPOohDIaIeljMHgDF5CVlOqpeNLcJ80NK65_fV7S1URPD_N3ElsMYY03yH0CusPNo3sysBedb0mM-cC8kGfM8TkxC0aoRwwbnj8JuJQ_2MQ/Horn-Horn+2020+%28Back+Cover%29.jpg
200,https://upload.wikimedia.org/wikipedia/en/thumb/7/75/Abarat_book_cover.jpeg/250px-Abarat_book_cover.jpeg
201,"https://images-na.ssl-images-amazon.com/images/I/510xb6LO3ML._SX300_BO1,204,203,200_.jpg"
202,"https://images-na.ssl-images-amazon.com/images/I/714NTC6TV3L._SX278_BO1,204,203,200_.gif"
203,https://images-na.ssl-images-amazon.com/images/I/71LGc-lUAnL.jpg
204,https://m.media-amazon.com/images/I/51-nrdVcaGL.jpg
205,https://images-na.ssl-images-amazon.com/images/I/61SWGRlBynL.jpg
206,https://m.media-amazon.com/images/I/51OZ61qkKbL.jpg
207,"https://images-na.ssl-images-amazon.com/images/I/5103692Z5QL._SX282_BO1,204,203,200_.jpg"
208,https://upload.wikimedia.org/wikipedia/en/thumb/9/96/The_Stand_cover.jpg/220px-The_Stand_cover.jpg
209,https://images-na.ssl-images-amazon.com/images/I/91EwGVcdGPL.jpg
210,https://images-na.ssl-images-amazon.com/images/I/81y1OKdzBkL.jpg
211,https://upload.wikimedia.org/wikipedia/en/thumb/5/55/TheMagicians.jpg/220px-TheMagicians.jpg
212,"https://images-na.ssl-images-amazon.com/images/I/518JC00bvGL._SX324_BO1,204,203,200_.jpg"
213,"https://images-na.ssl-images-amazon.com/images/I/61RexBQMwsL._SX334_BO1,204,203,200_.jpg"
214,https://m.media-amazon.com/images/I/51DTHbezuqL.jpg
215,https://images-na.ssl-images-amazon.com/images/I/91qL-ykSRwL.jpg
216,https://i.gr-assets.com/images/S/compressed.photo.goodreads.com/books/1328419869l/11442391.jpg
217,"https://images-na.ssl-images-amazon.com/images/I/51YprPw51JL._SX299_BO1,204,203,200_.jpg"
218,https://upload.wikimedia.org/wikipedia/en/thumb/f/fa/Swan_song_cover.jpg/220px-Swan_song_cover.jpg
219,"https://images-na.ssl-images-amazon.com/images/I/51QLl7TqRtL._SX335_BO1,204,203,200_.jpg"
220,"https://images-na.ssl-images-amazon.com/images/I/51fl9m9jClL._SX324_BO1,204,203,200_.jpg"
221,https://upload.wikimedia.org/wikipedia/en/6/6b/Harry_Potter_and_the_Philosopher%27s_Stone_Book_Cover.jpg
222,https://images-na.ssl-images-amazon.com/images/I/810Ekwsnj9L.jpg
223,https://i.gr-assets.com/images/S/compressed.photo.goodreads.com/books/1512440517l/36899268._SY475_.jpg
224,https://images-na.ssl-images-amazon.com/images/I/81MGoDGLiML.jpg
225,"https://images-na.ssl-images-amazon.com/images/I/51-GsXzAkvL._SX327_BO1,204,203,200_.jpg"
226,https://www.geofftaylor-artist.com/system/files/imagecache/normal/covers/dyingearth.jpg
227,"https://images-na.ssl-images-amazon.com/images/I/51TZ0zy7t9L._SX258_BO1,204,203,200_.jpg"
228,https://m.media-amazon.com/images/I/51DiFgos1fL.jpg
229,https://images-na.ssl-images-amazon.com/images/I/91tRD9OfbIL.jpg
230,"https://images-na.ssl-images-amazon.com/images/I/51VBRMCF6VL._SX281_BO1,204,203,200_.jpg"
231,https://images-na.ssl-images-amazon.com/images/I/71bEvm1i2wL.jpg
232,https://images-na.ssl-images-amazon.com/images/I/71vbyy3NWUL.jpg
233,https://images-na.ssl-images-amazon.com/images/I/91aaYZ2w+JL.jpg
234,https://images.gr-assets.com/books/1550135418l/22544764.jpg
235,https://brightweavings.com/wp-content/uploads/2014/11/englandlastlightpb.jpg
236,"https://images-na.ssl-images-amazon.com/images/I/51P+6-M7CDL._SX306_BO1,204,203,200_.jpg"
237,https://m.media-amazon.com/images/I/51vswVzlN1L.jpg
238,"https://images-na.ssl-images-amazon.com/images/I/51ldqeJv58L._SX298_BO1,204,203,200_.jpg"
239,https://i.gr-assets.com/images/S/compressed.photo.goodreads.com/books/1476379778i/8130077._UY2409_SS2409_.jpg
240,"https://images-eu.ssl-images-amazon.com/images/I/51v4LV8uqXL._AC_UL600_SR372,600_.jpg"
241,https://images-na.ssl-images-amazon.com/images/I/81rSmMRwoiL.jpg
242,https://upload.wikimedia.org/wikipedia/en/thumb/b/b9/Under_Heaven_%28Guy_Gavriel_Kay_novel%29_cover_art.jpg/220px-Under_Heaven_%28Guy_Gavriel_Kay_novel%29_cover_art.jpg
243,https://images-na.ssl-images-amazon.com/images/I/814Y2eKV4DL.jpg
244,https://i.gr-assets.com/images/S/compressed.photo.goodreads.com/books/1331532273l/12680907.jpg
245,https://images-na.ssl-images-amazon.com/images/I/914UfExWdHL.jpg
246,https://m.media-amazon.com/images/I/51lYq1nJGnL.jpg
247,https://images-na.ssl-images-amazon.com/images/I/71HyjujBW3L.jpg
248,https://images-na.ssl-images-amazon.com/images/I/813CjIxLdyL.jpg
249,https://images-na.ssl-images-amazon.com/images/I/81SSKQ7RfxL.jpg
250,https://i.redd.it/w0wno8j005q11.jpg
251,https://upload.wikimedia.org/wikipedia/en/4/49/The_Waste_Lands.jpg
252,https://images-na.ssl-images-amazon.com/images/I/81GLEgxYU8L.jpg
253,https://static.wikia.nocookie.net/pern/images/6/62/Dragonquest_1978.jpg/revision/latest?cb=20181002191251
254,"https://images-na.ssl-images-amazon.com/images/I/51E9y6SgiAL._SX331_BO1,204,203,200_.jpg"
255,https://i.gr-assets.com/images/S/compressed.photo.goodreads.com/books/1338563901l/14744360.jpg
256,"https://images-eu.ssl-images-amazon.com/images/I/A1ODXpJb0cL.__BG0,0,0,0_FMpng_AC_UL600_SR357,600_.jpg"
257,"https://images-na.ssl-images-amazon.com/images/I/512NRsUtAVL._SX300_BO1,204,203,200_.jpg"
258,https://images-na.ssl-images-amazon.com/images/I/71uiNJJpbnL.jpg
259,"https://images-na.ssl-images-amazon.com/images/I/51Dwq60KPtL._SX331_BO1,204,203,200_.jpg"
260,https://images-na.ssl-images-amazon.com/images/I/91jBdaRVqML.jpg
261,"https://images-na.ssl-images-amazon.com/images/I/51JKqz+fJIL._SX334_BO1,204,203,200_.jpg"
262,https://images-na.ssl-images-amazon.com/images/I/61HbrsBKUyL.jpg
263,https://i.pinimg.com/originals/8e/ab/a9/8eaba9b38ffe299e0c30174afeaf01b7.jpg
264,"https://images-na.ssl-images-amazon.com/images/I/61CRZSGJH6L._SX324_BO1,204,203,200_.jpg"
265,https://images-na.ssl-images-amazon.com/images/I/81Z-yHX8OcL.jpg
266,https://images-na.ssl-images-amazon.com/images/I/81U-ACoYfjL.jpg
267,https://i.gr-assets.com/images/S/compressed.photo.goodreads.com/books/1389074849l/252838.jpg
268,https://images-na.ssl-images-amazon.com/images/I/51CFvZlnClL.jpg
269,https://images-na.ssl-images-amazon.com/images/I/81MFSpmz2gL.jpg
270,https://images-na.ssl-images-amazon.com/images/I/810xCjjha3L.jpg
271,https://images-na.ssl-images-amazon.com/images/I/61Dj0LHci2L.jpg
272,https://images-na.ssl-images-amazon.com/images/I/91IFeMyrvAL.jpg
273,https://m.media-amazon.com/images/I/51vBm4DF9eL.jpg
274,https://images-na.ssl-images-amazon.com/images/I/71hvhleA77L.jpg
275,https://m.media-amazon.com/images/I/41LijYn1x1L.jpg
276,https://static.wikia.nocookie.net/wot/images/a/a9/TOM_us_hardcover.jpg/revision/latest/scale-to-width-down/340?cb=20100525181908
277,https://images-na.ssl-images-amazon.com/images/I/71JNgC+byQL.jpg
278,https://i.gr-assets.com/images/S/compressed.photo.goodreads.com/books/1414568715l/23441598.jpg
279,https://m.media-amazon.com/images/I/51MfZIbzcWL.jpg
280,https://m.media-amazon.com/images/I/51pMGcfXQOL.jpg
281,https://images-na.ssl-images-amazon.com/images/I/81Qbjo7IogL.jpg
282,https://images-na.ssl-images-amazon.com/images/I/91-9C0ewxjL.jpg
283,https://images-na.ssl-images-amazon.com/images/I/91KxX+AjRDL.jpg
284,"https://images-na.ssl-images-amazon.com/images/I/51Ky94NnJCL._SX303_BO1,204,203,200_.jpg"
285,https://i.gr-assets.com/images/S/compressed.photo.goodreads.com/books/1403193753l/311864.jpg
286,https://i.gr-assets.com/images/S/compressed.photo.goodreads.com/books/1395020871l/395962.jpg
287,"https://images-na.ssl-images-amazon.com/images/I/41XcJN2bP8L._SX329_BO1,204,203,200_.jpg"
288,"https://images-na.ssl-images-amazon.com/images/I/51O6NC6WstL._SX303_BO1,204,203,200_.jpg"
289,https://i.gr-assets.com/images/S/compressed.photo.goodreads.com/books/1309284273l/222837.jpg
290,https://upload.wikimedia.org/wikipedia/en/thumb/9/9b/WoT11_KnifeOfDreams.jpg/220px-WoT11_KnifeOfDreams.jpg
291,https://i.gr-assets.com/images/S/compressed.photo.goodreads.com/books/1558264964l/951749._SY475_.jpg
292,https://images-platform.99static.com/Id7lqBloQHSQXVXXI5clPnau3yo=/500x500/top/smart/99designs-contests-attachments/42/42501/attachment_42501590
293,https://i.pinimg.com/originals/64/f3/57/64f3578f16dfb054399d373d7cf1e30c.jpg
294,https://images-na.ssl-images-amazon.com/images/I/812-jrIGLHL.jpg
295,https://images-na.ssl-images-amazon.com/images/I/51LwSULINXL.jpg
296,"https://images-na.ssl-images-amazon.com/images/I/51k95t3nrFL._SX332_BO1,204,203,200_.jpg"
297,https://images-na.ssl-images-amazon.com/images/I/91baQktwe7L.jpg
298,https://images-na.ssl-images-amazon.com/images/I/81S4cou11jL.jpg
299,"https://images-na.ssl-images-amazon.com/images/I/51dULrU55pL._SX326_BO1,204,203,200_.jpg"
300,https://i.gr-assets.com/images/S/compressed.photo.goodreads.com/books/1454790760l/6678975.jpg
301,https://images-na.ssl-images-amazon.com/images/I/91FW34s7TKL.jpg
302,https://m.media-amazon.com/images/I/51Sg4Sq76NL.jpg
303,https://upload.wikimedia.org/wikipedia/en/thumb/1/10/Six_of_Crows_by_Leigh_Bardugo_book_cover.jpeg/220px-Six_of_Crows_by_Leigh_Bardugo_book_cover.jpeg
304,https://images-na.ssl-images-amazon.com/images/I/61ax3GrtzSL.jpg
305,"https://images-na.ssl-images-amazon.com/images/I/51DSrxrkFNL._SX333_BO1,204,203,200_.jpg"
306,https://images-na.ssl-images-amazon.com/images/I/81YsKUtIOiL.jpg
307,"https://images-na.ssl-images-amazon.com/images/I/51Hf+atsc+L._SX298_BO1,204,203,200_.jpg"
308,https://images-na.ssl-images-amazon.com/images/I/91xItiPdcgL.jpg
309,"https://images-na.ssl-images-amazon.com/images/I/51dsDJYMtrL._SX320_BO1,204,203,200_.jpg"
310,https://images-na.ssl-images-amazon.com/images/I/910IsHpeFpL.jpg
311,https://images-na.ssl-images-amazon.com/images/I/51IJfsqIxXL._SX342_SY445_QL70_ML2_.jpg
312,https://images-na.ssl-images-amazon.com/images/I/51CDH5+umPL.jpg
313,"https://images-na.ssl-images-amazon.com/images/I/51NRmPaPS2L._SX288_BO1,204,203,200_.jpg"
314,https://i.pinimg.com/originals/aa/df/0a/aadf0ad462a09211eb634ffb63614115.jpg
315,https://images-na.ssl-images-amazon.com/images/I/51asDAFHaTL._SX342_SY445_QL70_ML2_.jpg
316,https://images-na.ssl-images-amazon.com/images/I/81XDccW9rbL.jpg
317,"https://images-na.ssl-images-amazon.com/images/I/41IbY-JVeuL._SX316_BO1,204,203,200_.jpg"
318,https://images-na.ssl-images-amazon.com/images/I/719YoyUV0WL.jpg
319,https://i.gr-assets.com/images/S/compressed.photo.goodreads.com/books/1332072151l/176277.jpg
320,https://images-na.ssl-images-amazon.com/images/I/612t81d78+L.jpg
321,"https://images-na.ssl-images-amazon.com/images/I/51pcFtO3sdL._SX367_BO1,204,203,200_.jpg"
322,https://images-na.ssl-images-amazon.com/images/I/814XG3ckbpL.jpg
323,https://images-na.ssl-images-amazon.com/images/I/71HO8v7TDeL.jpg
324,https://images-na.ssl-images-amazon.com/images/I/81EZwK11xmL.jpg
325,https://static.wikia.nocookie.net/thesa/images/9/9b/The_Daylight_War_US_cover.jpg/revision/latest/scale-to-width-down/340?cb=20150620230624
326,"https://images-na.ssl-images-amazon.com/images/I/51c005erKXL._SX316_BO1,204,203,200_.jpg"
327,https://m.media-amazon.com/images/I/51hX2lw3ssL.jpg
328,https://images-na.ssl-images-amazon.com/images/I/915vYn4bTnL.jpg
329,"https://images-na.ssl-images-amazon.com/images/I/51REP7WJ3ML._SX285_BO1,204,203,200_.jpg"
330,https://i.pinimg.com/474x/e8/b4/6f/e8b46f81dede3aad5b765e0e3a69b43e.jpg
331,https://i.gr-assets.com/images/S/compressed.photo.goodreads.com/books/1386870152l/19397969.jpg
332,"https://images-na.ssl-images-amazon.com/images/I/519WCvb8SLL._SX303_BO1,204,203,200_.jpg"
333,https://m.media-amazon.com/images/I/61elsjrOT3L.jpg
334,https://i.gr-assets.com/images/S/compressed.photo.goodreads.com/books/1555447414l/44767458.jpg
335,https://images-na.ssl-images-amazon.com/images/I/51xisWmS8mL._SX342_SY445_QL70_ML2_.jpg
336,"https://images-na.ssl-images-amazon.com/images/I/51dZl8NR0HL._SX327_BO1,204,203,200_.jpg"
337,https://i.gr-assets.com/images/S/compressed.photo.goodreads.com/books/1348747943l/14497.jpg
338,https://images-na.ssl-images-amazon.com/images/I/712kS3ZSLtL.jpg
339,"https://images-na.ssl-images-amazon.com/images/I/51PQ7T9r+IL._SX273_BO1,204,203,200_.jpg"
340,https://i.gr-assets.com/images/S/compressed.photo.goodreads.com/books/1316130713i/13922._UY475_SS475_.jpg
341,https://images-na.ssl-images-amazon.com/images/I/91hPPeYGSuL.jpg
342,"https://images-eu.ssl-images-amazon.com/images/I/51CsbJy%2BTLL._AC_UL600_SR396,600_.jpg"
343,https://i.gr-assets.com/images/S/compressed.photo.goodreads.com/books/1383518694l/18751091.jpg
344,"https://images-na.ssl-images-amazon.com/images/I/51dURhlRkHL._AC_UL600_SR399,600_.jpg"
345,"https://images-na.ssl-images-amazon.com/images/I/51lz0TSwTTL._SX320_BO1,204,203,200_.jpg"
346,https://nicolaalter.files.wordpress.com/2018/11/titus-groan-first-edition-cover-1946.jpg
347,https://static.wikia.nocookie.net/valdemar/images/7/7d/Take_a_thief.jpg/revision/latest/top-crop/width/360/height/450?cb=20110929062104
348,https://static.wikia.nocookie.net/fincayra/images/d/d8/Original-The-Lost-Years-of-Merlin-Book-Cover.jpeg/revision/latest?cb=20181104012600
349,https://www.fantasybookreview.co.uk/images/covers/uploads/the-shadow-crucible-cover.jpg
350,"https://images-na.ssl-images-amazon.com/images/I/51Up0aFPGfL._SX343_BO1,204,203,200_.jpg"
351,https://m.media-amazon.com/images/I/518yBS4XJIL.jpg
352,"https://images-na.ssl-images-amazon.com/images/I/519G2Q2F83L._SX304_BO1,204,203,200_.jpg"
353,https://i.gr-assets.com/images/S/compressed.photo.goodreads.com/books/1347219291i/10754265._UY400_SS400_.jpg
354,"https://images-na.ssl-images-amazon.com/images/I/51CXSBoGU+L._SX330_BO1,204,203,200_.jpg"
355,"https://images-eu.ssl-images-amazon.com/images/I/51n54OJkUHL._SY264_BO1,204,203,200_QL40_ML2_.jpg"
356,https://i.gr-assets.com/images/S/compressed.photo.goodreads.com/books/1328301815l/12025828.jpg
357,"https://images-na.ssl-images-amazon.com/images/I/51AC7aL+VsL._SX303_BO1,204,203,200_.jpg"
358,https://m.media-amazon.com/images/I/51LyGnWecTL.jpg
359,https://images.penguinrandomhouse.com/cover/9780525500988
360,https://images-na.ssl-images-amazon.com/images/I/61nZqhftUPL.jpg
361,https://i.gr-assets.com/images/S/compressed.photo.goodreads.com/books/1304027244l/6585201.jpg
362,https://i.gr-assets.com/images/S/compressed.photo.goodreads.com/books/1421708528l/3218719.jpg
363,https://images-na.ssl-images-amazon.com/images/I/913NUQCrr1L.jpg
364,https://images-na.ssl-images-amazon.com/images/I/81PpH+ycIIL.jpg
365,https://i.gr-assets.com/images/S/compressed.photo.goodreads.com/books/1299418582l/1234309.jpg
366,https://images-na.ssl-images-amazon.com/images/I/81MylCMYnVL.jpg
367,https://images-na.ssl-images-amazon.com/images/I/A1CcGzZ+6KL.jpg
368,https://i.gr-assets.com/images/S/compressed.photo.goodreads.com/books/1328307068l/10220169.jpg
369,https://i.gr-assets.com/images/S/compressed.photo.goodreads.com/books/1282271679l/8942981.jpg
370,https://m.media-amazon.com/images/I/51Vp-z8+POL.jpg
371,https://i.gr-assets.com/images/S/compressed.photo.goodreads.com/books/1403191839l/544619.jpg
372,"https://images-na.ssl-images-amazon.com/images/I/51uSPFpFmwL._SX360_BO1,204,203,200_.jpg"
373,https://m.media-amazon.com/images/I/51Wgg2TLDwL.jpg
374,"https://images-na.ssl-images-amazon.com/images/I/51WBY5oTbEL._SX331_BO1,204,203,200_.jpg"
375,https://images-na.ssl-images-amazon.com/images/I/91kWx4kzABL.jpg
376,"https://images-na.ssl-images-amazon.com/images/I/51GQrGubwxL._SX311_BO1,204,203,200_.jpg"
377,"https://images-na.ssl-images-amazon.com/images/I/41TUQacykuL._SX273_BO1,204,203,200_.jpg"
378,https://images-na.ssl-images-amazon.com/images/I/61+4m6tv7mL.jpg
379,https://images-na.ssl-images-amazon.com/images/I/61+Zsd3qttL.jpg
380,https://m.media-amazon.com/images/I/51Z96jLM7aL.jpg
381,"https://images-na.ssl-images-amazon.com/images/I/61Jc6wvsU6L._SX332_BO1,204,203,200_.jpg"
382,https://images-na.ssl-images-amazon.com/images/I/81lCMzUA7OL.jpg
383,"https://images-na.ssl-images-amazon.com/images/I/51xEq446N8L._SX329_BO1,204,203,200_.jpg"
384,https://images-na.ssl-images-amazon.com/images/I/71J4dJ8TGEL.jpg
385,https://images-na.ssl-images-amazon.com/images/I/81lo8eKCGCL.jpg
386,https://images-na.ssl-images-amazon.com/images/I/81-zTHzeV5L.jpg
387,https://i.gr-assets.com/images/S/compressed.photo.goodreads.com/books/1517722141l/38343303._SY475_.jpg
388,https://i.gr-assets.com/images/S/compressed.photo.goodreads.com/books/1586820061l/53172026.jpg
389,https://i.pinimg.com/originals/18/dc/85/18dc851ec83d4a0a0f62f2f695da62a6.jpg
390,https://m.media-amazon.com/images/I/51RTJRnIZML.jpg
391,https://images-na.ssl-images-amazon.com/images/I/91YTG+VmgLL.jpg
392,"https://images-na.ssl-images-amazon.com/images/I/51jjFm4YqRL._SX322_BO1,204,203,200_.jpg"
393,"https://images-na.ssl-images-amazon.com/images/I/51HxLj6kZLL._AC_UL600_SR393,600_.jpg"
394,https://i.gr-assets.com/images/S/compressed.photo.goodreads.com/books/1419783220l/24148841.jpg
395,https://images-na.ssl-images-amazon.com/images/I/51Es3l7KtzL.jpg
396,https://images-na.ssl-images-amazon.com/images/I/71TAq23LJAL.jpg
397,https://globalbookclub.s3.amazonaws.com/resources/1129532/the_destroyer_book_2_the_destroyer_2/cover.jpg
398,https://musingsofjonty.files.wordpress.com/2017/06/347612.jpg
399,https://upload.wikimedia.org/wikipedia/en/thumb/c/c3/Obernewtyn-modern.jpg/220px-Obernewtyn-modern.jpg
400,https://static.wikia.nocookie.net/sevenwaters/images/2/20/Child_of_the_Prophecy.jpg/revision/latest/scale-to-width-down/340?cb=20110622134126
401,https://images-na.ssl-images-amazon.com/images/I/91X9-TMMREL.jpg
402,https://images-na.ssl-images-amazon.com/images/I/71O0zqNihML.jpg
403,https://images-na.ssl-images-amazon.com/images/I/91mtN24WxYL.jpg
404,https://images-na.ssl-images-amazon.com/images/I/81HlXIPOhdL.jpg
405,https://i.pinimg.com/originals/16/f6/22/16f6228cc435427a20b6976a021d8577.jpg
406,https://images-na.ssl-images-amazon.com/images/I/71Rrydt5gDL.jpg
407,https://i.gr-assets.com/images/S/compressed.photo.goodreads.com/books/1327540979l/6657006.jpg
408,https://images-na.ssl-images-amazon.com/images/I/510EKugP0tL.jpg
409,https://images-na.ssl-images-amazon.com/images/I/41UmN6hlW+L.jpg
410,https://i.gr-assets.com/images/S/compressed.photo.goodreads.com/books/1511017435l/36617106.jpg
411,https://i.gr-assets.com/images/S/compressed.photo.goodreads.com/books/1542730238l/42875284._SY475_.jpg
412,"https://images-na.ssl-images-amazon.com/images/I/518LTKN+v8L._SX299_BO1,204,203,200_.jpg"
413,"https://coverart.oclc.org/ImageWebSvc/oclc/+-+12506218_140.jpg?SearchOrder=+-+OT,OS,TN,GO,FA"
414,"https://i.gr-assets.com/images/S/compressed.photo.goodreads.com/books/1330450107i/13503808._UY630_SR1200,630_.jpg"
415,https://images-na.ssl-images-amazon.com/images/I/91wqYtiwtIL.jpg
416,https://images-na.ssl-images-amazon.com/images/I/71PHyQV40tL.jpg
417,https://images-na.ssl-images-amazon.com/images/I/51D72AABDjL._SX342_SY445_QL70_ML2_.jpg
418,https://images-na.ssl-images-amazon.com/images/I/91pw8vEoKoL.jpg
419,https://2.bp.blogspot.com/-SnjdWY717Xs/Tc2x2IA86tI/AAAAAAAADXw/2QMs2p1mVJs/s1600/The+Scorpio+Races.jpg
420,https://m.media-amazon.com/images/I/51NxRMPnmTL.jpg
421,https://images-na.ssl-images-amazon.com/images/I/71LizK4MD3L.jpg
422,"https://images-na.ssl-images-amazon.com/images/I/51dNZbfDgqL._SX329_BO1,204,203,200_.jpg"
423,"https://images-na.ssl-images-amazon.com/images/I/41RtbePAGgL._SX331_BO1,204,203,200_.jpg"
424,https://images-na.ssl-images-amazon.com/images/I/51y1NwcKdJL.jpg
425,https://images-na.ssl-images-amazon.com/images/I/81qsxzC-fNL.jpg
426,https://i.gr-assets.com/images/S/compressed.photo.goodreads.com/books/1346942564l/15992880.jpg
427,"https://images-na.ssl-images-amazon.com/images/I/51PBxYO5zAL._SX320_BO1,204,203,200_.jpg"
428,https://images-na.ssl-images-amazon.com/images/I/91NiCUgrNoL.jpg
429,"https://images-na.ssl-images-amazon.com/images/I/519wW7v-3VL._SX322_BO1,204,203,200_.jpg"
430,https://images-na.ssl-images-amazon.com/images/I/71P67Iepz6L.jpg
431,https://images.penguinrandomhouse.com/cover/9780553588118
432,https://images-na.ssl-images-amazon.com/images/I/71E+7QdU6CL.jpg
433,https://m.media-amazon.com/images/I/51l8IZmeTCL.jpg
434,https://i1.wp.com/www.tor.com/wp-content/uploads/2018/05/Priory-OrangeTree-cover.jpg?fit=740%2C+9999&crop=0%2C0%2C100%2C1125px&ssl=1
435,https://images-na.ssl-images-amazon.com/images/I/61zyDG1vRoL.jpg
436,https://i.pinimg.com/originals/1c/4a/92/1c4a92a214a432f143561734b14a0109.png
437,"https://images-na.ssl-images-amazon.com/images/I/512JG5+MmPL._SX360_BO1,204,203,200_.jpg"
438,https://i.gr-assets.com/images/S/compressed.photo.goodreads.com/books/1358816913l/13554702.jpg
439,https://m.media-amazon.com/images/I/51AOhrzyiXL.jpg
440,https://m.media-amazon.com/images/I/51auoahZ-QL.jpg
441,"https://images-na.ssl-images-amazon.com/images/I/51CsplIKJDL._SX303_BO1,204,203,200_.jpg"
442,https://m.media-amazon.com/images/I/51gdvxLS3sL.jpg
443,https://images-na.ssl-images-amazon.com/images/I/917l2641lVL.jpg
444,"https://images-na.ssl-images-amazon.com/images/I/51roef-nmfL._SX324_BO1,204,203,200_.jpg"
445,https://i.gr-assets.com/images/S/compressed.photo.goodreads.com/books/1362292731l/17450513.jpg
446,https://i.pinimg.com/564x/2d/8a/8b/2d8a8b38c1b31efce96a6a1bca4ff3b3--be-free-fantasy-books.jpg
447,"https://images-na.ssl-images-amazon.com/images/I/51FEG1IKkiL._SX330_BO1,204,203,200_.jpg"
448,https://prodimage.images-bn.com/pimages/9781544006260_p0_v1_s550x406.jpg
449,https://m.media-amazon.com/images/I/51qWJ-j+NFL.jpg
450,https://images-na.ssl-images-amazon.com/images/I/91LKXqNrE+L.jpg
451,https://m.media-amazon.com/images/I/413seKFtRQL.jpg
452,"https://images-na.ssl-images-amazon.com/images/I/51LHlWaaJJL._SX339_BO1,204,203,200_.jpg"
453,"https://images-na.ssl-images-amazon.com/images/I/51GOOaIXLBL._SX329_BO1,204,203,200_.jpg"
454,https://images-na.ssl-images-amazon.com/images/I/51J4-MciGOL._SX342_SY445_QL70_ML2_.jpg
455,https://images-na.ssl-images-amazon.com/images/I/81MsT+QnuaL.jpg
456,"https://images-na.ssl-images-amazon.com/images/I/512+RK2t1BL._SX314_BO1,204,203,200_.jpg"
457,https://images-na.ssl-images-amazon.com/images/I/61HrkdhwthL.jpg
458,"https://images-na.ssl-images-amazon.com/images/I/51RmCgGo0hL._SX331_BO1,204,203,200_.jpg"
459,https://i.gr-assets.com/images/S/compressed.photo.goodreads.com/books/1222656517l/1945059.jpg
460,https://i.pinimg.com/originals/cc/b8/16/ccb816c6926203ef9c21154e6d954824.png
461,"https://images-na.ssl-images-amazon.com/images/I/51A11y3iJzL._SX329_BO1,204,203,200_.jpg"
462,https://m.media-amazon.com/images/I/51b8g+8ISJL.jpg
463,https://images-na.ssl-images-amazon.com/images/I/511lAboWJ1L.jpg
464,"https://images-na.ssl-images-amazon.com/images/I/516q0rAMIzL._SX316_BO1,204,203,200_.jpg"
465,https://images-na.ssl-images-amazon.com/images/I/51V7-OVvIqL._SX342_SY445_QL70_ML2_.jpg
466,"https://images-na.ssl-images-amazon.com/images/I/414OEtphX6L._SX327_BO1,204,203,200_.jpg"
467,https://images-na.ssl-images-amazon.com/images/I/81wx6p5SqpL.jpg
468,"https://i.gr-assets.com/images/S/compressed.photo.goodreads.com/books/1444690367i/27014776._UY630_SR1200,630_.jpg"
469,https://i.gr-assets.com/images/S/compressed.photo.goodreads.com/books/1460863427l/29930568.jpg
470,https://static.wikia.nocookie.net/pern/images/6/69/The_White_Dragon_1978.jpg/revision/latest?cb=20181003112154
471,"https://images-na.ssl-images-amazon.com/images/I/513T0oXvRdL._SX298_BO1,204,203,200_.jpg"
472,https://images-na.ssl-images-amazon.com/images/I/71tEQnqUcqL.jpg
473,https://images-na.ssl-images-amazon.com/images/I/81M-wGpe8uL.jpg
474,https://m.media-amazon.com/images/I/518Y2XtUQWL.jpg
475,https://i.gr-assets.com/images/S/compressed.photo.goodreads.com/books/1388182215l/870808.jpg
476,https://images-na.ssl-images-amazon.com/images/I/81CExu3iVHL.jpg
477,"https://images-na.ssl-images-amazon.com/images/I/51slNg9gApL._SX321_BO1,204,203,200_.jpg"
478,https://static.wikia.nocookie.net/sot/images/0/00/Stone_of_Tears.jpg/revision/latest/scale-to-width-down/340?cb=20070607171203
479,https://images-na.ssl-images-amazon.com/images/I/51tqOkI3JSL.jpg
480,https://static.wikia.nocookie.net/pendragonadventure/images/e/eb/The_Rivers_of_Zadaa_Cover.jpg/revision/latest/scale-to-width-down/340?cb=20081125235627
481,"https://images-eu.ssl-images-amazon.com/images/I/51Y5Fekt7IL._AC_UL600_SR354,600_.jpg"
482,https://upload.wikimedia.org/wikipedia/en/thumb/3/32/IronMaiden_NumberOfBeast.jpg/220px-IronMaiden_NumberOfBeast.jpg
483,"https://ih1.redbubble.net/image.880016789.6343/flat,750x,075,f-pad,750x1000,f8f8f8.jpg"
484,https://m.media-amazon.com/images/I/41kL31zEwKL.jpg
485,https://i.gr-assets.com/images/S/compressed.photo.goodreads.com/books/1348941196l/8145522.jpg
486,https://images-na.ssl-images-amazon.com/images/I/71XnbVsH31L.jpg
487,https://images-na.ssl-images-amazon.com/images/I/91X1K+JSGiL.jpg
488,https://www.thebookcovershop.com/wp-content/uploads/2018/09/mac-2-1000x1500.jpg
489,https://m.media-amazon.com/images/I/61q5tt7sMvL.jpg
490,https://i.gr-assets.com/images/S/compressed.photo.goodreads.com/books/1347711003l/10425098.jpg
491,https://i.pinimg.com/originals/7f/e6/99/7fe6994eb3c0c61be8e9c1b7219b8726.jpg
492,"https://images-na.ssl-images-amazon.com/images/I/512nSi2JK9L._SX327_BO1,204,203,200_.jpg"
493,https://images-na.ssl-images-amazon.com/images/I/91u5ybPIuAL.jpg
494,"https://images-na.ssl-images-amazon.com/images/I/516NNfV-+EL._SX310_BO1,204,203,200_.jpg"
495,https://i.pinimg.com/originals/f0/ac/13/f0ac13354a8d6c61bb5a529169a53d40.jpg
496,"https://i.gr-assets.com/images/S/compressed.photo.goodreads.com/books/1338286304i/13591672._UY630_SR1200,630_.jpg"
497,https://m.media-amazon.com/images/I/615LxFQOblL.jpg
498,https://images-na.ssl-images-amazon.com/images/I/61rqWJPTfKL.jpg
499,https://upload.wikimedia.org/wikipedia/en/thumb/f/fe/Shardik_cover_1974.jpg/220px-Shardik_cover_1974.jpg
500,https://upload.wikimedia.org/wikipedia/en/e/ed/Lirael.jpg
501,https://m.media-amazon.com/images/I/51sgdPOLpWL.jpg
502,https://m.media-amazon.com/images/I/41QCCj7kjtL.jpg
503,"https://images-na.ssl-images-amazon.com/images/I/41prz4emiqL._SX322_BO1,204,203,200_.jpg"
504,https://i.gr-assets.com/images/S/compressed.photo.goodreads.com/books/1416662278l/23491735.jpg
505,https://images-na.ssl-images-amazon.com/images/I/91DEOTdBRRL.jpg
506,https://images-na.ssl-images-amazon.com/images/I/41FRZUCMLvL.jpg
507,https://images-na.ssl-images-amazon.com/images/I/61WWRfkK3UL.jpg
508,https://images-na.ssl-images-amazon.com/images/I/81dXK-6gf3L.jpg
509,https://d28hgpri8am2if.cloudfront.net/book_images/onix/cvr9780743298032/the-thirteenth-tale-9780743298032_hr.jpg
510,"https://images-na.ssl-images-amazon.com/images/I/513mwmx1+AL._SX316_BO1,204,203,200_.jpg"
511,https://upload.wikimedia.org/wikipedia/en/thumb/d/d0/Birthgrave_Barr_cover_1975.jpg/200px-Birthgrave_Barr_cover_1975.jpg
512,https://i.gr-assets.com/images/S/compressed.photo.goodreads.com/books/1388352167l/492069.jpg
513,https://m.media-amazon.com/images/I/51-2f2y6LsL.jpg
514,"https://images-na.ssl-images-amazon.com/images/I/51pgsre7DoL._SX328_BO1,204,203,200_.jpg"
515,https://m.media-amazon.com/images/I/51l1gQWLz8L.SX316.SY480.jpg
516,https://images-na.ssl-images-amazon.com/images/I/81YdaPi2OlL.jpg
517,https://images-na.ssl-images-amazon.com/images/I/81+IUsYtGTL.jpg
518,https://images-na.ssl-images-amazon.com/images/I/71FDYtleclL.jpg
519,https://images-na.ssl-images-amazon.com/images/I/81yE1LefdFL.jpg
520,"https://images-na.ssl-images-amazon.com/images/I/51C4GfAHKZL._SX316_BO1,204,203,200_.jpg"
521,https://images-na.ssl-images-amazon.com/images/I/71vr13wUzuL.jpg
522,https://images-na.ssl-images-amazon.com/images/I/91mZc4XJoyL.jpg
523,https://i.gr-assets.com/images/S/compressed.photo.goodreads.com/books/1316139646l/8952159.jpg
524,https://st2.depositphotos.com/1055089/5878/v/950/depositphotos_58780681-stock-illustration-modern-vector-book-cover-template.jpg
525,https://images-na.ssl-images-amazon.com/images/I/81qxvEt68TL.jpg
526,https://images-na.ssl-images-amazon.com/images/I/91DiDsO2cXL.jpg
527,"https://images-na.ssl-images-amazon.com/images/I/519CugmQ26L._SX328_BO1,204,203,200_.jpg"
528,https://images-na.ssl-images-amazon.com/images/I/81QcW1zcBIL.jpg
529,"https://images-na.ssl-images-amazon.com/images/I/51DXRVAPliL._SX323_BO1,204,203,200_.jpg"
530,"https://images-na.ssl-images-amazon.com/images/I/51kXXut3NfL._SX330_BO1,204,203,200_.jpg"
531,"https://images-na.ssl-images-amazon.com/images/I/51dnGdffXZL._SX316_BO1,204,203,200_.jpg"
532,https://images-na.ssl-images-amazon.com/images/I/713UaTZVX5L.jpg
533,"https://images-na.ssl-images-amazon.com/images/I/510w6MevN6L._SX299_BO1,204,203,200_.jpg"
534,https://i.gr-assets.com/images/S/compressed.photo.goodreads.com/books/1327952691l/338329.jpg
535,https://i.gr-assets.com/images/S/compressed.photo.goodreads.com/books/1442705792l/5659537._SY475_.jpg
536,https://m.media-amazon.com/images/I/51-tMl-7MgL.jpg
537,https://images-na.ssl-images-amazon.com/images/I/91tEf3b0sPL.jpg
538,https://images-na.ssl-images-amazon.com/images/I/81WydyMOU1L.jpg
539,https://upload.wikimedia.org/wikipedia/en/c/c2/MistbornTheAlloyOfLaw.jpg
540,https://m.media-amazon.com/images/I/51YVGA7SXNL.jpg
541,https://i.gr-assets.com/images/S/compressed.photo.goodreads.com/books/1404082186l/3477390.jpg
542,https://i.gr-assets.com/images/S/compressed.photo.goodreads.com/books/1455755740l/29214658._SX318_.jpg
543,https://i.gr-assets.com/images/S/compressed.photo.goodreads.com/books/1208555920l/68455.jpg
544,"https://images-na.ssl-images-amazon.com/images/I/51QC8X+TDyL._SX340_BO1,204,203,200_.jpg"
545,https://i.gr-assets.com/images/S/compressed.photo.goodreads.com/books/1287523762l/69169.jpg
546,https://images-na.ssl-images-amazon.com/images/I/91ZyXrmIaEL.jpg
547,https://i.gr-assets.com/images/S/compressed.photo.goodreads.com/books/1348791586l/554773.jpg
548,https://i.gr-assets.com/images/S/compressed.photo.goodreads.com/books/1361333612l/17399863.jpg
549,"https://images-na.ssl-images-amazon.com/images/I/513FvtHU+QL._SX351_BO1,204,203,200_.jpg"
550,https://images-na.ssl-images-amazon.com/images/I/81hNBq0lghL.jpg
551,https://encrypted-tbn0.gstatic.com/images?q=tbn:ANd9GcQWlZAvRs_QjyvWEpsktTOFP4MXgAp_zWueyQ&usqp=CAU
552,https://images-na.ssl-images-amazon.com/images/I/71cNYB2A2ZL.jpg
553,https://i.gr-assets.com/images/S/compressed.photo.goodreads.com/books/1466893925l/6159672.jpg
554,https://images-na.ssl-images-amazon.com/images/I/71hM0NHVxgL.jpg
555,https://i.gr-assets.com/images/S/compressed.photo.goodreads.com/books/1605793979l/55946536._SY475_.jpg
556,https://images-na.ssl-images-amazon.com/images/I/91hVO3pH0ML.jpg
557,"https://images-na.ssl-images-amazon.com/images/I/51UL4+aAy9L._SX354_BO1,204,203,200_.jpg"
558,"https://images-na.ssl-images-amazon.com/images/I/51WVMSJT25L._SX258_BO1,204,203,200_.jpg"
559,"https://images-na.ssl-images-amazon.com/images/I/51qFVRxL8NL._SX331_BO1,204,203,200_.jpg"
560,https://prodimage.images-bn.com/pimages/9781535299015_p0_v1_s550x406.jpg
561,"https://images-na.ssl-images-amazon.com/images/I/51LRb+2RVkL._PJku-sticker-v7,TopRight,0,-50._SY300_.jpg"
562,"https://images-na.ssl-images-amazon.com/images/I/51JsA+eh79L._SX341_BO1,204,203,200_.jpg"
563,https://images-na.ssl-images-amazon.com/images/I/91O2PPWnFPL.jpg
564,"https://images-na.ssl-images-amazon.com/images/I/51-qxBPUzML._SX308_BO1,204,203,200_.jpg"
565,https://m.media-amazon.com/images/I/51wJ8HUEyzL.jpg
566,https://awoiaf.westeros.org/images/7/7a/Bookset.jpg
567,"https://images-na.ssl-images-amazon.com/images/I/51HMiSfjblL._SX326_BO1,204,203,200_.jpg"
568,https://images-na.ssl-images-amazon.com/images/I/51G0U1XGKbL.jpg
569,https://images-na.ssl-images-amazon.com/images/I/71tQccEjYML.jpg
570,https://i.pinimg.com/originals/0a/3f/be/0a3fbef738b0b881f19c97a30b43a1b1.jpg
571,https://i.gr-assets.com/images/S/compressed.photo.goodreads.com/books/1477914935l/32825168._SY475_.jpg
572,https://images-na.ssl-images-amazon.com/images/I/91fOuI2HIbL.jpg
573,https://images-na.ssl-images-amazon.com/images/I/91862PUkoDL.jpg
574,https://images-na.ssl-images-amazon.com/images/I/41QQo+Qv7IL.jpg
575,https://images-na.ssl-images-amazon.com/images/I/913OXEwWp-L.jpg
576,https://images-na.ssl-images-amazon.com/images/I/71XxheW3wUL.jpg
577,"https://images-na.ssl-images-amazon.com/images/I/51S-cgwwp0L._SX317_BO1,204,203,200_.jpg"
578,https://i.gr-assets.com/images/S/compressed.photo.goodreads.com/books/1346942917l/15992895.jpg
579,"https://images-na.ssl-images-amazon.com/images/I/51BGqkg-xIL._SX321_BO1,204,203,200_.jpg"
580,"https://images-na.ssl-images-amazon.com/images/I/41WG0VNlglL._SX331_BO1,204,203,200_.jpg"
581,https://images-na.ssl-images-amazon.com/images/I/91nuIpHy7BL.jpg
582,https://i.gr-assets.com/images/S/compressed.photo.goodreads.com/books/1359981173l/17322045.jpg
583,"https://images-na.ssl-images-amazon.com/images/I/61BaI38okQL._AC_UL600_SR399,600_.jpg"
584,https://m.media-amazon.com/images/I/51viu9dJJYL.jpg
585,"https://images-na.ssl-images-amazon.com/images/I/51BJHLEhP7L._SX331_BO1,204,203,200_.jpg"
586,https://images-na.ssl-images-amazon.com/images/I/61WjUeuWrHL.jpg
587,"https://images-na.ssl-images-amazon.com/images/I/51Z9B+DY+uL._SX286_BO1,204,203,200_.jpg"
588,https://images-na.ssl-images-amazon.com/images/I/417lV-DPxFL.jpg
589,https://i.pinimg.com/originals/95/41/4b/95414b3019fefdf0e2eced2a4a35c20f.jpg
590,"https://images-na.ssl-images-amazon.com/images/I/51gDr6ihvQL._SX322_BO1,204,203,200_.jpg"
591,https://images-na.ssl-images-amazon.com/images/I/81ZiopIfogL.jpg
592,https://images-na.ssl-images-amazon.com/images/I/6192sHSizmL.jpg
593,https://images-na.ssl-images-amazon.com/images/I/71AL-nLm8QL.jpg
594,"https://images-na.ssl-images-amazon.com/images/I/41-fKyb+sOL._SX331_BO1,204,203,200_.jpg"
595,"https://images-na.ssl-images-amazon.com/images/I/51AJ18v73TL._SX330_BO1,204,203,200_.jpg"
596,https://images-na.ssl-images-amazon.com/images/I/A1agLFsWkOL.jpg
597,"https://images-na.ssl-images-amazon.com/images/I/516ocdfbmSL._SX329_BO1,204,203,200_.jpg"
598,https://m.media-amazon.com/images/I/41LEe5ulE2L.jpg
599,https://static.wikia.nocookie.net/skulduggery/images/3/3e/Skulduggery_Pleasant_cover_2.jpg/revision/latest/scale-to-width-down/340?cb=20101126192243
600,https://m.media-amazon.com/images/I/51AgCnqqpEL.jpg
601,"https://images-na.ssl-images-amazon.com/images/I/41mt6IS3WsL._SX316_BO1,204,203,200_.jpg"
602,https://m.media-amazon.com/images/I/51LvdevLNwL.jpg
603,https://i.pinimg.com/originals/01/5b/02/015b020eccb213bcf13e5e5b14798217.jpg
604,https://images-na.ssl-images-amazon.com/images/I/51tQiTuTcvL.jpg
605,https://images-na.ssl-images-amazon.com/images/I/91aC7EvajoL.jpg
606,https://images-na.ssl-images-amazon.com/images/I/91ST9tkyNYL.jpg
607,"https://images-na.ssl-images-amazon.com/images/I/513L6UTD4uL._SX334_BO1,204,203,200_.jpg"
608,"https://images-na.ssl-images-amazon.com/images/I/51yPW7kivvL._SX324_BO1,204,203,200_.jpg"
609,https://images-na.ssl-images-amazon.com/images/I/914CT7iyyvL.jpg
610,https://i.ebayimg.com/images/g/BVsAAOSwzWFeH7MN/s-l640.jpg
611,https://i.gr-assets.com/images/S/compressed.photo.goodreads.com/books/1385526283l/18995122.jpg
612,https://images-na.ssl-images-amazon.com/images/I/51IJyOTyfML.jpg
613,https://images-na.ssl-images-amazon.com/images/I/91r-aeb7CjL.jpg
614,https://m.media-amazon.com/images/I/51WUuYta4OL.jpg
615,"https://images-na.ssl-images-amazon.com/images/I/51wJBF+LbKL._SX332_BO1,204,203,200_.jpg"
616,https://images-na.ssl-images-amazon.com/images/I/91x7DDbrbyL.jpg
617,https://images-na.ssl-images-amazon.com/images/I/71B7HB6GLcL.jpg
618,"https://images-na.ssl-images-amazon.com/images/I/518RxAhU43L._SX329_BO1,204,203,200_.jpg"
619,https://images-na.ssl-images-amazon.com/images/I/8134AkhQJgL.jpg
620,https://images-na.ssl-images-amazon.com/images/I/919FOjQmOFL.jpg
621,https://images-na.ssl-images-amazon.com/images/I/81rGV9KB86L.jpg
622,"https://images-na.ssl-images-amazon.com/images/I/5193XZTJJKL._SX289_BO1,204,203,200_.jpg"
623,https://i.gr-assets.com/images/S/compressed.photo.goodreads.com/books/1307817665l/11202530.jpg
624,https://upload.wikimedia.org/wikipedia/en/thumb/8/85/The_Crow1_Cover.jpg/220px-The_Crow1_Cover.jpg
625,https://www.tolkienlibrary.com/press/images/legend-of-sigurd-gudrun.jpg
626,https://images-na.ssl-images-amazon.com/images/I/71CpRbocf4L.jpg
627,https://images-na.ssl-images-amazon.com/images/I/41GXgdHHUDL.jpg
628,https://images-na.ssl-images-amazon.com/images/I/51vsSNLsBgL.jpg
629,"https://images-na.ssl-images-amazon.com/images/I/51x3XTby1XL._SX328_BO1,204,203,200_.jpg"
630,https://m.media-amazon.com/images/I/417R1XajKdL.jpg
631,https://m.media-amazon.com/images/I/51KTxThW4xL.jpg
632,https://i.pinimg.com/originals/d8/2c/69/d82c692c566642309d2b9c017fe31181.jpg
633,https://images-na.ssl-images-amazon.com/images/I/91hWrs2tK7L.jpg
634,https://images-na.ssl-images-amazon.com/images/I/71Z6PQbbjTL.jpg
635,https://i.gr-assets.com/images/S/compressed.photo.goodreads.com/books/1348634901l/101949.jpg
636,https://images-na.ssl-images-amazon.com/images/I/91ekyPYHyrL.jpg
637,https://i.gr-assets.com/images/S/compressed.photo.goodreads.com/books/1389226001l/129020.jpg
638,https://i.gr-assets.com/images/S/compressed.photo.goodreads.com/books/1227447656i/1876770._UY376_SS376_.jpg
639,https://images-na.ssl-images-amazon.com/images/I/7197M9hATcL.jpg
640,https://images-na.ssl-images-amazon.com/images/I/71UauwFbUyL.jpg
641,https://images-na.ssl-images-amazon.com/images/I/81AMCIiJLQL.jpg
642,https://i.gr-assets.com/images/S/compressed.photo.goodreads.com/books/1388350491l/249633.jpg
643,https://i.gr-assets.com/images/S/compressed.photo.goodreads.com/books/1355100553l/7966780.jpg
644,https://m.media-amazon.com/images/I/51jbSMZ6p5L.jpg
645,https://images-na.ssl-images-amazon.com/images/I/91X4PbdUgpL.jpg
646,https://i.gr-assets.com/images/S/compressed.photo.goodreads.com/books/1495801507l/8701816._SY475_.jpg
647,https://i.gr-assets.com/images/S/compressed.photo.goodreads.com/books/1390170532l/20579961.jpg
648,https://m.media-amazon.com/images/I/511gwF0ZF-L.jpg
649,https://i.pinimg.com/474x/c8/3d/86/c83d862df59566c7166a745572a598ba.jpg
650,https://images-na.ssl-images-amazon.com/images/I/71uMYvJ25HL.jpg
651,https://pictures.abebooks.com/isbn/9781791710361-us.jpg
652,"https://images-na.ssl-images-amazon.com/images/I/51uU8HLNdjL._SX331_BO1,204,203,200_.jpg"
653,https://i.pinimg.com/originals/33/f7/60/33f760f9d5c36e74fa17d5759ea70ba1.jpg
654,https://m.media-amazon.com/images/I/41lUJ2TwmAL.jpg
655,https://m.media-amazon.com/images/I/619oj2ZOgzL.jpg
656,https://images-na.ssl-images-amazon.com/images/I/716LbltG0PL.jpg
657,https://i.pinimg.com/originals/0a/20/b2/0a20b232d6ad5feb1f320726f65d5982.jpg
658,https://images-na.ssl-images-amazon.com/images/I/7184nBrsWzL.jpg
659,"https://images-na.ssl-images-amazon.com/images/I/51zwL6TWQwL._SX322_BO1,204,203,200_.jpg"
660,"https://images-eu.ssl-images-amazon.com/images/I/51XNEM7niKL.__BG0,0,0,0_FMpng_AC_UL600_SR357,600_.jpg"
661,https://m.media-amazon.com/images/I/51qb1rP7IgL.jpg
662,https://s3-eu-west-1.amazonaws.com/cover.allsize.lovelybooks.de/B01N66B8JF_1490035498578_xxl.jpg
663,https://images-na.ssl-images-amazon.com/images/I/51TahOXmgeL.jpg
664,https://i.gr-assets.com/images/S/compressed.photo.goodreads.com/books/1392530903l/123690.jpg
665,https://i.gr-assets.com/images/S/compressed.photo.goodreads.com/books/1303095603l/872816.jpg
666,https://i.pinimg.com/originals/28/33/bd/2833bd00529526954f4bcf54f467f158.jpg
667,https://images-na.ssl-images-amazon.com/images/I/61-1N7DhDXL.jpg
668,https://m.media-amazon.com/images/I/51Jxv+onZEL.jpg
669,https://images-na.ssl-images-amazon.com/images/I/71mdYI7d7WL.jpg
670,https://images-na.ssl-images-amazon.com/images/I/51WVVS3KA8L.jpg
671,https://m.media-amazon.com/images/I/51Xbc2+508L.jpg
672,https://images-na.ssl-images-amazon.com/images/I/51s5X4QmhEL.jpg
673,https://images-na.ssl-images-amazon.com/images/I/51n74chxAuL.jpg
674,https://upload.wikimedia.org/wikipedia/en/thumb/2/2b/Jirel1969.jpg/220px-Jirel1969.jpg
675,"https://images-na.ssl-images-amazon.com/images/I/51WwTgKgAtL._SX306_BO1,204,203,200_.jpg"
676,https://images-na.ssl-images-amazon.com/images/I/81tViwJISwL.jpg
677,https://images-na.ssl-images-amazon.com/images/I/51IA4YL7JBL._AC_SY780_.jpg
678,https://i.gr-assets.com/images/S/compressed.photo.goodreads.com/books/1387577872l/19549841.jpg
679,https://images3.penguinrandomhouse.com/cover/9780307768629
680,https://images-na.ssl-images-amazon.com/images/I/A1Cm6swX5cL.jpg
681,https://m.media-amazon.com/images/I/41Wmyf4t-vL.jpg
682,https://i.gr-assets.com/images/S/compressed.photo.goodreads.com/books/1322613975l/11801463.jpg
683,https://images-na.ssl-images-amazon.com/images/I/91ANtcbFc0L.jpg
684,"https://images-na.ssl-images-amazon.com/images/I/51UPXpEUDpL._SX334_BO1,204,203,200_.jpg"
685,https://i.gr-assets.com/images/S/compressed.photo.goodreads.com/books/1373304097l/18170141.jpg
686,https://i.gr-assets.com/images/S/compressed.photo.goodreads.com/books/1404086048l/22603529.jpg
687,https://images-na.ssl-images-amazon.com/images/I/81sbfKKDmHL.jpg
688,https://i.gr-assets.com/images/S/compressed.photo.goodreads.com/books/1388210779l/144109.jpg
689,https://images-na.ssl-images-amazon.com/images/I/71Tz3SfYVyL.jpg
690,https://i.gr-assets.com/images/S/compressed.photo.goodreads.com/books/1435904946l/4643301._SY475_.jpg
691,https://i.gr-assets.com/images/S/compressed.photo.goodreads.com/books/1496369835l/35282887.jpg
692,https://i.gr-assets.com/images/S/compressed.photo.goodreads.com/books/1468327787l/30981004._SY475_.jpg
693,"https://images-na.ssl-images-amazon.com/images/I/513N4WH86ZL._SX331_BO1,204,203,200_.jpg"
694,https://images-na.ssl-images-amazon.com/images/I/A1D6tMkBDZL.jpg
695,https://images-na.ssl-images-amazon.com/images/I/41ANZ37ZBYL.jpg
696,"https://images-na.ssl-images-amazon.com/images/I/51QTC7BAD8L._SX279_BO1,204,203,200_.jpg"
697,"https://images-na.ssl-images-amazon.com/images/I/51S4R4KDYPL._SX312_BO1,204,203,200_.jpg"
698,https://images-na.ssl-images-amazon.com/images/I/91Z8IVdGlAL.jpg
699,https://m.media-amazon.com/images/I/51LU663e2DL.jpg
700,https://i.gr-assets.com/images/S/compressed.photo.goodreads.com/books/1355961161l/618180.jpg
701,https://i.gr-assets.com/images/S/compressed.photo.goodreads.com/books/1407318399l/20821111.jpg
702,https://images-na.ssl-images-amazon.com/images/I/71HXCGNNh9L.jpg
703,https://images-na.ssl-images-amazon.com/images/I/41nhwSZQA7L.jpg
704,https://upload.wikimedia.org/wikipedia/en/7/79/SongOfRhiannon.jpg
705,https://www.tolkienlibrary.com/press/images/movie-tie-in-The-hobbit.jpg
706,https://images-na.ssl-images-amazon.com/images/I/517VJogCGrL.jpg
707,https://images-na.ssl-images-amazon.com/images/I/81qPD1-FTvL.jpg
708,https://images-na.ssl-images-amazon.com/images/I/51x6k7GAHfL.jpg
709,https://m.media-amazon.com/images/I/41Zuy1tdP9L.jpg
710,https://images-na.ssl-images-amazon.com/images/I/81NUY6svXNL.jpg
711,https://c1.staticflickr.com/1/240/458535100_7fa8d4dd5a.jpg
712,"https://images-na.ssl-images-amazon.com/images/I/51PvzaM8FpL._SX302_BO1,204,203,200_.jpg"
713,https://images-na.ssl-images-amazon.com/images/I/81fdObP8DHL.jpg
714,https://images-na.ssl-images-amazon.com/images/I/61qSPVIjQTL.jpg
715,"https://images-na.ssl-images-amazon.com/images/I/51o8u-g1wLL._SX305_BO1,204,203,200_.jpg"
716,https://static.wikia.nocookie.net/discworld/images/c/c8/Pyramids-cover.jpg/revision/latest/scale-to-width-down/340?cb=20080703180031
717,https://images-na.ssl-images-amazon.com/images/I/91JaXcyrbML.jpg
718,https://i.gr-assets.com/images/S/compressed.photo.goodreads.com/books/1388606726l/57042.jpg
719,https://m.media-amazon.com/images/I/51hFQHRUoIL.jpg
720,https://i.gr-assets.com/images/S/compressed.photo.goodreads.com/books/1389074849l/252969.jpg
721,https://i.gr-assets.com/images/S/compressed.photo.goodreads.com/books/1342028952l/15746960.jpg
722,"https://images-na.ssl-images-amazon.com/images/I/518aCWa8iTL._SX274_BO1,204,203,200_.jpg"
723,https://m.media-amazon.com/images/I/6168CNqsw3L.jpg
724,https://m.media-amazon.com/images/I/5117rIp6hHL.jpg
725,https://images-na.ssl-images-amazon.com/images/I/51-esIdZ5WL.jpg
726,https://i.gr-assets.com/images/S/compressed.photo.goodreads.com/books/1333400218l/7402393.jpg
727,"https://images-na.ssl-images-amazon.com/images/I/51+z4Nv-oCL._SX329_BO1,204,203,200_.jpg"
728,https://images-na.ssl-images-amazon.com/images/I/811jk9HIaSL.jpg
729,"https://images-na.ssl-images-amazon.com/images/I/51d8QAw8MrL._SX330_BO1,204,203,200_.jpg"
730,https://images-na.ssl-images-amazon.com/images/I/81PgPE0nfgL.jpg
731,https://m.media-amazon.com/images/I/51h7mKsp73L.SX316.SY480.jpg
732,https://i.pinimg.com/originals/b1/f1/bb/b1f1bbc54678c09cd361ffed7226b0c0.jpg
733,https://images-na.ssl-images-amazon.com/images/I/71hKtnYxdvL.jpg
734,"https://images-na.ssl-images-amazon.com/images/I/51UbR9v-AwL._SX330_BO1,204,203,200_.jpg"
735,https://i.gr-assets.com/images/S/compressed.photo.goodreads.com/books/1208556022l/68452.jpg
736,https://images-na.ssl-images-amazon.com/images/I/71qD2efx+vL.jpg
737,https://images-na.ssl-images-amazon.com/images/I/81y56pPDRKL.jpg
738,"https://images-na.ssl-images-amazon.com/images/I/51L9QeLBbWL._SX327_BO1,204,203,200_.jpg"
739,"https://images-na.ssl-images-amazon.com/images/I/51SytPfWfwL._SX295_BO1,204,203,200_.jpg"
740,"https://images-na.ssl-images-amazon.com/images/I/51XlWw+RRfL._SX323_BO1,204,203,200_.jpg"
741,https://i.pinimg.com/originals/ee/e5/06/eee506444429ef8ec4b809e6e02147dd.jpg
742,"https://images-na.ssl-images-amazon.com/images/I/51-OHKGrrtL._SX330_BO1,204,203,200_.jpg"
743,"https://images-na.ssl-images-amazon.com/images/I/51cBdjTTo%2BL._AC_UL600_SR429,600_.jpg"
744,https://i.pinimg.com/736x/0f/39/50/0f39504238dd149339f26075c31b750a.jpg
745,https://i.gr-assets.com/images/S/compressed.photo.goodreads.com/books/1388644552l/9583525.jpg
746,"https://images-na.ssl-images-amazon.com/images/I/512B4C7V7RL._SX315_BO1,204,203,200_.jpg"
747,"https://images-na.ssl-images-amazon.com/images/I/517MXt9nqnL._SX308_BO1,204,203,200_.jpg"
748,https://cdn1.vectorstock.com/i/1000x1000/74/25/blank-book-cover-with-long-shadow-vector-6207425.jpg
749,https://i.gr-assets.com/images/S/compressed.photo.goodreads.com/books/1437454870l/19951875._SY475_.jpg
750,https://i.gr-assets.com/images/S/compressed.photo.goodreads.com/books/1521029041l/39278190._SY475_.jpg
751,https://m.media-amazon.com/images/I/51A1khTUV9L.jpg
752,https://images-na.ssl-images-amazon.com/images/I/719ENGG5VQL.gif
753,https://images-na.ssl-images-amazon.com/images/I/41uT9qCZMZL.jpg
754,"https://images-na.ssl-images-amazon.com/images/I/51NOpQysj9L._SX330_BO1,204,203,200_.jpg"
755,"https://images-na.ssl-images-amazon.com/images/I/51ITK-Zi8jL._SX303_BO1,204,203,200_.jpg"
756,https://images-na.ssl-images-amazon.com/images/I/91vEviux67L.jpg
757,https://i.gr-assets.com/images/S/compressed.photo.goodreads.com/books/1217964337l/929163.jpg
758,https://images-na.ssl-images-amazon.com/images/I/81lRdvQehiL.jpg
759,https://images-na.ssl-images-amazon.com/images/I/71eF6vrhYjL.jpg
760,https://i.harperapps.com/hcanz/covers/9780732278717/x400.jpg
761,https://i.gr-assets.com/images/S/compressed.photo.goodreads.com/books/1466865542i/18144590._UY2404_SS2404_.jpg
762,"https://images-na.ssl-images-amazon.com/images/I/51Rq-0pUkWL._AC_UL600_SR399,600_.jpg"
763,https://static.wikia.nocookie.net/discworld/images/3/33/Sourcery-cover.jpg/revision/latest/scale-to-width-down/340?cb=20080703175916
764,https://m.media-amazon.com/images/I/51FFxLj4tvL.jpg
765,https://images-na.ssl-images-amazon.com/images/I/91-uXMXA0sL.jpg
766,https://i.gr-assets.com/images/S/compressed.photo.goodreads.com/books/1388194381l/6765788.jpg
767,"https://images-na.ssl-images-amazon.com/images/I/51GP4KTC05L._SX277_BO1,204,203,200_.jpg"
768,https://i.gr-assets.com/images/S/compressed.photo.goodreads.com/books/1429142804l/3867739.jpg
769,"https://images-na.ssl-images-amazon.com/images/I/51N7VWe51JL._SX325_BO1,204,203,200_.jpg"
770,"https://images-na.ssl-images-amazon.com/images/I/51IJHOnV4XL._SX323_BO1,204,203,200_.jpg"
771,"https://images-na.ssl-images-amazon.com/images/I/513R101YCJL._SX341_BO1,204,203,200_.jpg"
772,https://i.gr-assets.com/images/S/compressed.photo.goodreads.com/books/1333217655l/219205.jpg
773,https://images-na.ssl-images-amazon.com/images/I/711UWeV-iRL.jpg
774,https://images-na.ssl-images-amazon.com/images/I/91ZgvgmdulL.jpg
775,https://encrypted-tbn0.gstatic.com/images?q=tbn:ANd9GcQ2G9qEXT6kOsogzkCfc-jWQ0Va50Bwo5OPKQ&usqp=CAU
776,https://i.gr-assets.com/images/S/compressed.photo.goodreads.com/books/1334192715l/13598401.jpg
777,https://i.pinimg.com/originals/6a/c3/da/6ac3da3e57af3deef67c9592edcaaa94.jpg
778,https://images-na.ssl-images-amazon.com/images/I/51tII3em2PL.jpg
779,https://images-na.ssl-images-amazon.com/images/I/51yPUUYCizL.jpg
780,https://upload.wikimedia.org/wikipedia/en/thumb/1/17/Phoenix_and_Ashes.jpg/220px-Phoenix_and_Ashes.jpg
781,https://i.gr-assets.com/images/S/compressed.photo.goodreads.com/books/1514797858l/37786960._SY475_.jpg
782,"https://images-na.ssl-images-amazon.com/images/I/51N0XrxlTbL._SX331_BO1,204,203,200_.jpg"
783,"https://images-na.ssl-images-amazon.com/images/I/41vobpztXRL._SX311_BO1,204,203,200_.jpg"
784,https://i.gr-assets.com/images/S/compressed.photo.goodreads.com/books/1514793950l/37786729._SY475_.jpg
785,https://m.media-amazon.com/images/I/41cFPg3YcUL.jpg
786,https://i.gr-assets.com/images/S/compressed.photo.goodreads.com/books/1543728466l/43076880._SX318_.jpg
787,https://lithub.com/wp-content/uploads/sites/2/2020/12/f44be152581a9b4e8d545e2591998376.gif
788,https://i.gr-assets.com/images/S/compressed.photo.goodreads.com/books/1559078871l/46033671.jpg
789,https://m.media-amazon.com/images/I/51BfQ1-L0CL.jpg
790,https://i.ytimg.com/vi/St_lwJHH96I/maxresdefault.jpg
791,"https://images-na.ssl-images-amazon.com/images/I/412OcNHz7hL._SX321_BO1,204,203,200_.jpg"
792,https://images-na.ssl-images-amazon.com/images/I/51j1llD12-L._SX342_SY445_QL70_ML2_.jpg
793,https://m.media-amazon.com/images/I/51whMXQ6CGL.jpg
794,https://m.media-amazon.com/images/I/51h1tnQeOkL.jpg
795,https://i.pinimg.com/474x/41/43/86/414386b522de78aabe96b770c9b001ab.jpg
796,https://pbs.twimg.com/media/D9mkCpJXoAAyEqM.jpg
797,https://images-na.ssl-images-amazon.com/images/I/51zeu36p2ML.jpg
798,https://images-na.ssl-images-amazon.com/images/I/71a7sCYI+lL.jpg
799,"https://images-na.ssl-images-amazon.com/images/I/51DIkuDAlCL._SX331_BO1,204,203,200_.jpg"
800,https://m.media-amazon.com/images/I/41Xul33HvXL.jpg
801,https://mir-s3-cdn-cf.behance.net/project_modules/max_1200/1f64b768164537.5bc6ed2e0d3d1.jpg
802,https://i.pinimg.com/originals/02/0a/8a/020a8a7295fb977485c03c7c186bd619.jpg
803,https://images-na.ssl-images-amazon.com/images/I/71o0RZ+BoOL.jpg
804,"https://images-na.ssl-images-amazon.com/images/I/41rI0amWXvL._SX324_BO1,204,203,200_.jpg"
805,https://images-na.ssl-images-amazon.com/images/I/91oDUUhVXKL.jpg
806,https://i.gr-assets.com/images/S/compressed.photo.goodreads.com/books/1381329073l/18656722.jpg
807,"https://images-na.ssl-images-amazon.com/images/I/515CI0fBQlL._SX311_BO1,204,203,200_.jpg"
808,https://i.gr-assets.com/images/S/compressed.photo.goodreads.com/books/1331239719l/2550219.jpg
809,https://images-na.ssl-images-amazon.com/images/I/513AZ9KHB8L._SY350_.jpg
810,https://images-na.ssl-images-amazon.com/images/I/71fVBpPrkTL.jpg
811,https://images-na.ssl-images-amazon.com/images/I/91uU8gx0czL.jpg
812,https://static.wikia.nocookie.net/discworld/images/c/ca/EqR.cover.jpg/revision/latest/scale-to-width-down/340?cb=20080703180214
813,https://static.wikia.nocookie.net/snicket/images/5/5c/The_End.png/revision/latest/top-crop/width/360/height/450?cb=20170726194121
814,"https://images-na.ssl-images-amazon.com/images/I/41rseIwuyXL._SX329_BO1,204,203,200_.jpg"
815,"https://images-na.ssl-images-amazon.com/images/I/51s8xToQRbL._SX302_BO1,204,203,200_.jpg"
816,https://m.media-amazon.com/images/I/51jIPvbTvpL.jpg
817,https://images-na.ssl-images-amazon.com/images/I/61kYVobSWxL.jpg
818,https://lh3.googleusercontent.com/proxy/wuFzi_RsaFugJRskCSq74O_hXe3AsaAFlED-cxeFjLl8Kug_0JcKnVjM4obZtzMimYxx0bL33cjWbhmMzNAwVkJ_S9Rb-sB21ZmAJUPyRs6fhyD4GP-NgP28-qs2yEc71s0ukME
819,https://images-na.ssl-images-amazon.com/images/I/91ITg+edWFL.jpg
820,https://i.gr-assets.com/images/S/compressed.photo.goodreads.com/books/1360786506l/17372348.jpg
821,https://i.gr-assets.com/images/S/compressed.photo.goodreads.com/books/1390158253l/13980.jpg
822,https://i.gr-assets.com/images/S/compressed.photo.goodreads.com/books/1336347513l/6308379.jpg
823,https://i.harperapps.com/hcanz/covers/9780007169252/x293.jpg
824,https://images-na.ssl-images-amazon.com/images/I/91a1Tq0z9qL.jpg
825,"https://images-na.ssl-images-amazon.com/images/I/51UY42ZAGAL._SX324_BO1,204,203,200_.jpg"
826,https://images-na.ssl-images-amazon.com/images/I/51TEv%2BOnzKL._SX342_SY445_QL70_ML2_.jpg
827,https://images-na.ssl-images-amazon.com/images/I/A14SQhSGYBL.jpg
828,https://m.media-amazon.com/images/I/51ToakteYQL.jpg
829,https://i.gr-assets.com/images/S/compressed.photo.goodreads.com/books/1569576199l/41457149._SY475_.jpg
830,"https://images-na.ssl-images-amazon.com/images/I/51dcQMq7CJL._SX331_BO1,204,203,200_.jpg"
831,https://images-na.ssl-images-amazon.com/images/I/817tvR3XuHL.jpg
832,https://i.gr-assets.com/images/S/compressed.photo.goodreads.com/books/1441464285l/530942._SX318_.jpg
833,https://images-na.ssl-images-amazon.com/images/I/81yCehv32JL.jpg
834,https://images-na.ssl-images-amazon.com/images/I/512gqSa5NxL.jpg
835,https://i.gr-assets.com/images/S/compressed.photo.goodreads.com/books/1598920061i/55198444._UY200_.jpg
836,"https://images-na.ssl-images-amazon.com/images/I/51YmT6VjGHL._SX301_BO1,204,203,200_.jpg"
837,https://images-na.ssl-images-amazon.com/images/I/51jWjvW%2BAQL._SR600%2C315_PIWhiteStrip%2CBottomLeft%2C0%2C35_PIStarRatingFOUR%2CBottomLeft%2C360%2C-6_SR600%2C315_ZA18%2C445%2C290%2C400%2C400%2CAmazonEmberBold%2C12%2C4%2C0%2C0%2C5_SCLZZZZZZZ_FMpng_BG255%2C255%2C255.jpg
838,https://i.gr-assets.com/images/S/compressed.photo.goodreads.com/books/1514444692l/37756339._SY475_.jpg
839,"https://images-na.ssl-images-amazon.com/images/I/71hlF06J4pL.__BG0,0,0,0_FMpng_AC_UL600_SR369,600_.jpg"
840,"https://images-na.ssl-images-amazon.com/images/I/51pQ1+pgK9L._SX295_BO1,204,203,200_.jpg"
841,"https://images-na.ssl-images-amazon.com/images/I/41K99+cInvL._SX326_BO1,204,203,200_.jpg"
842,https://images-na.ssl-images-amazon.com/images/I/814TCW6Y7hL.jpg
843,https://m.media-amazon.com/images/I/51FFFKN9cfL.jpg
844,"https://images-na.ssl-images-amazon.com/images/I/61z97sU1jLL._SX299_BO1,204,203,200_.jpg"
845,https://images-na.ssl-images-amazon.com/images/I/41X9CCTK3SL.jpg
846,https://i.harperapps.com/covers/9780008187569/y648.jpg
847,https://m.media-amazon.com/images/I/41kCKME78kL.jpg
848,https://images-na.ssl-images-amazon.com/images/I/91bgDs3VneL.jpg
849,https://m.media-amazon.com/images/I/51VGXIpPHmL.jpg
850,https://upload.wikimedia.org/wikipedia/en/thumb/9/9a/The_Hunters.jpg/220px-The_Hunters.jpg
851,https://images-na.ssl-images-amazon.com/images/I/917XafktcQL.jpg
852,"https://images-na.ssl-images-amazon.com/images/I/519y4I3tuXL._SX323_BO1,204,203,200_.jpg"
853,"https://images-na.ssl-images-amazon.com/images/I/51T0RoUdDuL._SX310_BO1,204,203,200_.jpg"
854,https://images-na.ssl-images-amazon.com/images/I/71ycKbBPEfL.jpg
855,"https://images-na.ssl-images-amazon.com/images/I/51UoleRBi6L._SX307_BO1,204,203,200_.jpg"
856,"https://images-na.ssl-images-amazon.com/images/I/41KciUxLPtL._SX346_BO1,204,203,200_.jpg"
857,https://images-na.ssl-images-amazon.com/images/I/51lYaM2Ds3L._AC_SY780_.jpg
858,https://images-na.ssl-images-amazon.com/images/I/51c2AiMVUkL.jpg
859,"https://images-na.ssl-images-amazon.com/images/I/51Mg40IRwFL._SX312_BO1,204,203,200_.jpg"
860,https://images-na.ssl-images-amazon.com/images/I/71UpNWhJCBL.jpg
861,"https://images-na.ssl-images-amazon.com/images/I/51w0YSH4gaL._SX307_BO1,204,203,200_.jpg"
862,"https://images-na.ssl-images-amazon.com/images/I/51csJ-kHrTL._SX314_BO1,204,203,200_.jpg"
863,https://s3-eu-west-1.amazonaws.com/cover.allsize.lovelybooks.de/9783869520087_1557916830000_xxl.jpg
864,"https://images-na.ssl-images-amazon.com/images/I/51vbLBvmAuL._SX307_BO1,204,203,200_.jpg"
865,https://images-na.ssl-images-amazon.com/images/I/51HMuXhUFNL.jpg
866,https://images-na.ssl-images-amazon.com/images/I/91EE8aoXpPL.jpg
867,https://images-na.ssl-images-amazon.com/images/I/91FkiB-FqbL.jpg
868,https://images-na.ssl-images-amazon.com/images/I/51CFvZlnClL.jpg
869,https://images-na.ssl-images-amazon.com/images/I/61H+fVMTzdL.jpg
870,"https://images-na.ssl-images-amazon.com/images/I/515ZICrbYdL._SX320_BO1,204,203,200_.jpg"
871,https://images-na.ssl-images-amazon.com/images/I/51xP5jG2jQL.jpg
872,https://images-na.ssl-images-amazon.com/images/I/91x7DDbrbyL.jpg
873,https://i.gr-assets.com/images/S/compressed.photo.goodreads.com/books/1423591168l/24903355.jpg
874,https://images-na.ssl-images-amazon.com/images/I/61sGDZPUi1L.jpg
875,https://images-na.ssl-images-amazon.com/images/I/A1C2B3RWfQL.jpg
876,https://images-na.ssl-images-amazon.com/images/I/91ORwR6+GAL.jpg
877,https://images-na.ssl-images-amazon.com/images/I/91ewk87GA8L.jpg
878,https://images-na.ssl-images-amazon.com/images/I/A1j5IRpXZEL.jpg
879,https://images-na.ssl-images-amazon.com/images/I/51PF3L3L8XL.jpg
880,"https://images-na.ssl-images-amazon.com/images/I/51tsMkwkC+L._SX328_BO1,204,203,200_.jpg"
881,https://images-na.ssl-images-amazon.com/images/I/71FOgcsAA5L.jpg
882,https://i.gr-assets.com/images/S/compressed.photo.goodreads.com/books/1309286365l/153223.jpg
883,https://images-na.ssl-images-amazon.com/images/I/91W7CnsRF1L.jpg
884,https://images-na.ssl-images-amazon.com/images/I/81opoIt2EcL.jpg
885,https://m.media-amazon.com/images/I/41NqoIMbUmL.jpg
886,"https://images-na.ssl-images-amazon.com/images/I/71125C0CS9L._SX313_BO1,204,203,200_.gif"
887,https://i.pinimg.com/originals/38/c3/7e/38c37e8289177e270bc5382f3a846b96.jpg
888,https://images-na.ssl-images-amazon.com/images/I/A1n7U9VtEoL.jpg
889,https://m.media-amazon.com/images/I/514sjEr79TL.jpg
890,https://images-na.ssl-images-amazon.com/images/I/71C3kdKsJ0L.jpg
891,https://i.pinimg.com/originals/c3/1a/37/c31a376e7a7c11231ccc3af96b3751be.jpg
892,https://i.gr-assets.com/images/S/compressed.photo.goodreads.com/books/1565909496l/35959740._SY475_.jpg
893,https://m.media-amazon.com/images/I/51fLb3xTORL.jpg
894,https://i.gr-assets.com/images/S/compressed.photo.goodreads.com/books/1337026387l/12954620.jpg
895,https://upload.wikimedia.org/wikipedia/en/thumb/8/8f/The_Book_Thief_by_Markus_Zusak_book_cover.jpg/220px-The_Book_Thief_by_Markus_Zusak_book_cover.jpg
896,https://images-na.ssl-images-amazon.com/images/I/61RfhBNcKdL.jpg
897,https://i.gr-assets.com/images/S/compressed.photo.goodreads.com/books/1385195101l/18900458.jpg
898,https://images-eu.ssl-images-amazon.com/images/I/51-v5wibKDL._SX342_SY445_QL70_ML2_.jpg
899,https://images-na.ssl-images-amazon.com/images/I/91JTtfGzbIL.jpg
900,https://images-na.ssl-images-amazon.com/images/I/61rA+bxb4vL.jpg
901,https://images-na.ssl-images-amazon.com/images/I/91w--PGZ+7L.jpg
902,https://images-na.ssl-images-amazon.com/images/I/91tFtUf+0ZL.jpg
903,https://i.gr-assets.com/images/S/compressed.photo.goodreads.com/books/1379031383l/16000044.jpg
904,https://i.gr-assets.com/images/S/compressed.photo.goodreads.com/books/1311988492i/174648._UY475_SS475_.jpg
905,https://images-na.ssl-images-amazon.com/images/I/91TMHMh8vXL.jpg
906,https://images-na.ssl-images-amazon.com/images/I/81hInw6cGFL.jpg
907,https://static.wikia.nocookie.net/blackjewels/images/a/a8/QueenOfTheDarkness.jpg/revision/latest/scale-to-width-down/340?cb=20100414080823
908,https://images-na.ssl-images-amazon.com/images/I/91AeAn9w1-L.jpg
909,https://i.gr-assets.com/images/S/compressed.photo.goodreads.com/books/1380858319l/456028.jpg
910,"https://images-na.ssl-images-amazon.com/images/I/51+QPOiE9oL._SX315_BO1,204,203,200_.jpg"
911,https://images-na.ssl-images-amazon.com/images/I/91X1K+JSGiL.jpg
912,https://images-na.ssl-images-amazon.com/images/I/91u3gEQ2tqL.jpg
913,https://i.gr-assets.com/images/S/compressed.photo.goodreads.com/books/1406460298l/437782.jpg
914,"https://images-na.ssl-images-amazon.com/images/I/51p4xoqykpL._SX323_BO1,204,203,200_.jpg"
915,https://encrypted-tbn0.gstatic.com/images?q=tbn:ANd9GcTr5EvNQHbZqV-tr-LnsbVaSf84_sdI8Baqpw&usqp=CAU
916,https://images-na.ssl-images-amazon.com/images/I/91zUJQuqbvL.jpg
917,https://images-na.ssl-images-amazon.com/images/I/917GBbvdv-L.jpg
918,https://m.media-amazon.com/images/I/5128SHRCC1L.jpg
919,https://i.gr-assets.com/images/S/compressed.photo.goodreads.com/books/1175106722l/479519._SY475_.jpg
920,https://images-na.ssl-images-amazon.com/images/I/617Pb1GJnpL.jpg
921,https://images-na.ssl-images-amazon.com/images/I/710Lv-BX9YL.jpg
922,https://images-na.ssl-images-amazon.com/images/I/714TiXnC6jL.jpg
923,"https://images-na.ssl-images-amazon.com/images/I/51h8-Ya2+aL._SX302_BO1,204,203,200_.jpg"
924,https://images-na.ssl-images-amazon.com/images/I/71jhlOQhZOL.jpg
925,"https://images-na.ssl-images-amazon.com/images/I/51sT1gF5PTL._SX336_BO1,204,203,200_.jpg"
926,https://m.media-amazon.com/images/I/51rSvmdsVeL.jpg
927,https://upload.wikimedia.org/wikipedia/en/thumb/5/5e/Everlost.jpg/240px-Everlost.jpg
928,https://m.media-amazon.com/images/I/51sz8ORXYBL.jpg
929,"https://images-na.ssl-images-amazon.com/images/I/518lOCCytyL._SX348_BO1,204,203,200_.jpg"
930,https://images-na.ssl-images-amazon.com/images/I/81yBDu6-yYL.jpg
931,https://images-na.ssl-images-amazon.com/images/I/81sXivt+smL.jpg
932,https://i.gr-assets.com/images/S/compressed.photo.goodreads.com/books/1442677716l/176867._SY475_.jpg
933,https://images-na.ssl-images-amazon.com/images/I/71nKvy5HOFL.jpg
934,https://images-na.ssl-images-amazon.com/images/I/81L4Da9G7JL.jpg
935,https://images-na.ssl-images-amazon.com/images/I/91RQ5d-eIqL.jpg
936,https://static.wikia.nocookie.net/discworld/images/2/26/Jingo-2.jpg/revision/latest/scale-to-width-down/340?cb=20080703180130
937,https://i.pinimg.com/originals/5e/cc/64/5ecc64ef469ae2d5d3660ca7bde44ca0.jpg
938,"https://images-na.ssl-images-amazon.com/images/I/51zq7IhhQGL._SX308_BO1,204,203,200_.jpg"
939,https://i.gr-assets.com/images/S/compressed.photo.goodreads.com/books/1388378655l/142885.jpg
940,https://images-na.ssl-images-amazon.com/images/I/919PxzPvOqL.jpg
941,https://images-na.ssl-images-amazon.com/images/I/81HoaDjTOTL.jpg
942,https://images-na.ssl-images-amazon.com/images/I/41e8gkXanML.jpg
943,https://i.gr-assets.com/images/S/compressed.photo.goodreads.com/books/1439350465l/6202861._SY475_.jpg
944,https://i.gr-assets.com/images/S/compressed.photo.goodreads.com/books/1440823815l/24683898._SY475_.jpg
945,https://m.media-amazon.com/images/I/519E+poSrAL.jpg
946,"https://images-eu.ssl-images-amazon.com/images/I/51vRblEx-cL._AC_UL600_SR399,600_.jpg"
947,https://images-na.ssl-images-amazon.com/images/I/81t3GdsZdgL.jpg
948,https://images-na.ssl-images-amazon.com/images/I/71WJgImF5LL.jpg
949,"https://images-na.ssl-images-amazon.com/images/I/51tC7wNX8DL._SX303_BO1,204,203,200_.jpg"
950,https://blogs.smithsonianmag.com/design/files/2013/05/gatsby-cover.jpg
951,https://images-na.ssl-images-amazon.com/images/I/51JLj7t1hxL.jpg
952,https://images-na.ssl-images-amazon.com/images/I/81abueL-iLL.jpg
953,https://images-na.ssl-images-amazon.com/images/I/81W4uSCYnuL.jpg
954,https://images-na.ssl-images-amazon.com/images/I/715f8jmIhnL.jpg
955,"https://images-na.ssl-images-amazon.com/images/I/51lm5VldUoL._SX302_BO1,204,203,200_.jpg"
956,https://images-na.ssl-images-amazon.com/images/I/91AiXb63YyL.jpg
957,https://images-na.ssl-images-amazon.com/images/I/51QtNstniXL.jpg
958,https://i.gr-assets.com/images/S/compressed.photo.goodreads.com/books/1328304636l/12136680.jpg
959,https://images-na.ssl-images-amazon.com/images/I/81pYf1jiJOL.jpg
960,https://images-na.ssl-images-amazon.com/images/I/91nXjfxJrzL.jpg
961,https://images-na.ssl-images-amazon.com/images/I/91Pm-pKvpHL.jpg
962,https://images-na.ssl-images-amazon.com/images/I/81uL4zjHGNL.jpg
963,"https://images-na.ssl-images-amazon.com/images/I/518oSgzDyGL._AC_UL600_SR399,600_.jpg"
964,https://images-na.ssl-images-amazon.com/images/I/913DiOo1bIL.jpg
965,"https://images-na.ssl-images-amazon.com/images/I/51TluidSXYL._SX303_BO1,204,203,200_.jpg"
966,"https://images-na.ssl-images-amazon.com/images/I/517ic4+3HNL._SX311_BO1,204,203,200_.jpg"
967,https://i.gr-assets.com/images/S/compressed.photo.goodreads.com/books/1394230097l/12322504.jpg
968,"https://images-na.ssl-images-amazon.com/images/I/517QER3dcaL._SX326_BO1,204,203,200_.jpg"
969,"https://images-na.ssl-images-amazon.com/images/I/515Nn2dhB-L._SX331_BO1,204,203,200_.jpg"
970,https://lh3.googleusercontent.com/proxy/gw2nM-Hfb7zwnM_sFrRkVXyPyXNVCW2nsmsJlqUR0kBwRU1546GL7FqTg20q0DgI1BCs9JTIRCEP8XqNw0YGiww8lnfr_Ka2gmNw6kxOsv9jinQOeN__TOnbabiJMU1NC3cn_h4je903Qwk
971,https://pdfget.com/wp-content/uploads/2019/12/PDF-EPUB-The-Wheel-of-time-series-by-Robert-Jordan-1-11-Download.jpg
972,https://images-na.ssl-images-amazon.com/images/I/418viWeSwQL._SX342_SY445_QL70_ML2_.jpg
973,https://i.gr-assets.com/images/S/compressed.photo.goodreads.com/books/1476096865l/285107._SX318_.jpg
974,https://i.gr-assets.com/images/S/compressed.photo.goodreads.com/books/1600832044l/40223.jpg
975,https://images-na.ssl-images-amazon.com/images/I/81Piy3hsT0L.jpg
976,"https://images-na.ssl-images-amazon.com/images/I/61clwXLhMeL._SX258_BO1,204,203,200_.jpg"
977,"https://images-na.ssl-images-amazon.com/images/I/61RexBQMwsL._SX334_BO1,204,203,200_.jpg"
978,https://images-na.ssl-images-amazon.com/images/I/71UHD4IQYKL.jpg
979,"https://images-na.ssl-images-amazon.com/images/I/51hsAClFv6L._SX335_BO1,204,203,200_.jpg"
980,https://images-na.ssl-images-amazon.com/images/I/71LWGDoesxL.jpg
981,"https://images-na.ssl-images-amazon.com/images/I/51tbWpV8qdL._SX332_BO1,204,203,200_.jpg"
982,"https://images-na.ssl-images-amazon.com/images/I/614wiHXNloL._SX290_BO1,204,203,200_.jpg"
983,https://i.gr-assets.com/images/S/compressed.photo.goodreads.com/books/1230601383l/1539021.jpg
984,https://i.gr-assets.com/images/S/compressed.photo.goodreads.com/books/1392871372l/20874747.jpg
985,https://images-na.ssl-images-amazon.com/images/I/91Ywp4oDbxL.jpg
986,https://images-na.ssl-images-amazon.com/images/I/71Njs4NoK2L.jpg
987,https://images-na.ssl-images-amazon.com/images/I/91HHqVTAJQL.jpg
988,https://i.gr-assets.com/images/S/compressed.photo.goodreads.com/books/1387707057l/40217.jpg
989,https://www.stevenmepham.co.uk/wp-content/uploads/2013/07/Trudi-Canavan-Trilogy.jpg
990,https://i.gr-assets.com/images/S/compressed.photo.goodreads.com/books/1522371958l/20105781._SY475_.jpg
991,"https://images-na.ssl-images-amazon.com/images/I/517fhcCDjUL._SX327_BO1,204,203,200_.jpg"
992,https://images-na.ssl-images-amazon.com/images/I/71E9LoK5y2L.jpg
993,https://images-na.ssl-images-amazon.com/images/I/71Wp7fNySfL.jpg
994,"https://images-na.ssl-images-amazon.com/images/I/51SMLhO7K9L._SX313_BO1,204,203,200_.jpg"
995,https://static.wikia.nocookie.net/discworld/images/7/74/Wyrd-sisters-cover.jpg/revision/latest/scale-to-width-down/340?cb=20080703175805
996,https://i.gr-assets.com/images/S/compressed.photo.goodreads.com/books/1320491476l/1030398.jpg
997,"https://images-na.ssl-images-amazon.com/images/I/61NWg5HV-FL._AC_UL600_SR354,600_.jpg"
998,https://images-na.ssl-images-amazon.com/images/I/519HjxPE7uL.jpg
999,https://i.gr-assets.com/images/S/compressed.photo.goodreads.com/books/1388179994l/264067.jpg
1000,https://i.gr-assets.com/images/S/compressed.photo.goodreads.com/books/1347229019l/2152871.jpg
1001,https://i.gr-assets.com/images/S/compressed.photo.goodreads.com/books/1392431616l/13931.jpg
1002,"https://images-na.ssl-images-amazon.com/images/I/51Vs9JYMjyL._SX321_BO1,204,203,200_.jpg"
1003,https://static.wikia.nocookie.net/corneliafunke/images/f/f8/Dragon_Rider.jpg/revision/latest/scale-to-width-down/340?cb=20190619013525
1004,https://images-na.ssl-images-amazon.com/images/I/71O-5DTfrkL.jpg
1005,https://i.gr-assets.com/images/S/compressed.photo.goodreads.com/books/1378741338l/1011629.jpg
1006,https://m.media-amazon.com/images/I/51DiFgos1fL.jpg
1007,"https://images-na.ssl-images-amazon.com/images/I/51BHSJ3WZFL._SX284_BO1,204,203,200_.jpg"
1008,"https://images-na.ssl-images-amazon.com/images/I/51CtYIu-E4L._SX308_BO1,204,203,200_.jpg"
1009,https://i.gr-assets.com/images/S/compressed.photo.goodreads.com/books/1333897824l/102805.jpg
1010,https://i0.wp.com/www.thebooksmugglers.com/wp-content/uploads/2013/04/Bitter-Greens.jpg
1011,https://i.gr-assets.com/images/S/compressed.photo.goodreads.com/books/1388204854l/3556419.jpg
1012,https://images-na.ssl-images-amazon.com/images/I/81nsZYezipL.jpg
1013,https://images-na.ssl-images-amazon.com/images/I/81zv0zoSwxL.jpg
1014,https://images-na.ssl-images-amazon.com/images/I/51VAPiSWMRL._SX342_SY445_QL70_ML2_.jpg
1015,https://images-na.ssl-images-amazon.com/images/I/714CwPa4rCL.jpg
1016,"https://images-na.ssl-images-amazon.com/images/I/51Ntv-MakmL._SX327_BO1,204,203,200_.jpg"
1017,"https://images-na.ssl-images-amazon.com/images/I/51PkBc+XZiL._SX296_BO1,204,203,200_.jpg"
1018,https://i.pinimg.com/474x/a4/c7/21/a4c72162cd691ffa220be375075da3d7.jpg
1019,"https://images-na.ssl-images-amazon.com/images/I/51AvDTu6IsL._SX329_BO1,204,203,200_.jpg"
1020,https://i.pinimg.com/originals/84/57/53/845753759cbb397d65c4720ef309bd20.jpg
1021,https://images-na.ssl-images-amazon.com/images/I/71EPPfW45qL.jpg
1022,https://m.media-amazon.com/images/I/51LRhOHVsBL.jpg
1023,https://m.media-amazon.com/images/I/51SeATq2l9L.jpg
1024,https://www.traumton.de/label/releases/213/img/213_cover_front.jpg
1025,"https://images-na.ssl-images-amazon.com/images/I/51gjFgZxlgL._SX329_BO1,204,203,200_.jpg"
1026,https://i.gr-assets.com/images/S/compressed.photo.goodreads.com/books/1392255446l/20801324.jpg
1027,https://images-na.ssl-images-amazon.com/images/I/41TZ5IxclwL.jpg
1028,https://m.media-amazon.com/images/I/51i6LG13C7L.jpg
1029,"https://images-wixmp-ed30a86b8c4ca887773594c2.wixmp.com/f/1d121aa0-705e-4cdb-b49d-4c2155f04d5e/d8oyj4w-1fb4c050-d9ec-4f8c-bb86-76e0844abb20.jpg/v1/fill/w_1024,h_733,q_75,strp/epic__legacy_cover_art_by_a_nessessary_studio_d8oyj4w-fullview.jpg?token=eyJ0eXAiOiJKV1QiLCJhbGciOiJIUzI1NiJ9.eyJzdWIiOiJ1cm46YXBwOiIsImlzcyI6InVybjphcHA6Iiwib2JqIjpbW3siaGVpZ2h0IjoiPD03MzMiLCJwYXRoIjoiXC9mXC8xZDEyMWFhMC03MDVlLTRjZGItYjQ5ZC00YzIxNTVmMDRkNWVcL2Q4b3lqNHctMWZiNGMwNTAtZDllYy00ZjhjLWJiODYtNzZlMDg0NGFiYjIwLmpwZyIsIndpZHRoIjoiPD0xMDI0In1dXSwiYXVkIjpbInVybjpzZXJ2aWNlOmltYWdlLm9wZXJhdGlvbnMiXX0.Z98ytLI6Pwq9HKDHWhYR-G6s8ujBlE_n6FbWhJeweIE"
1030,https://i.pinimg.com/originals/ab/93/a1/ab93a1f537a4f0e51909c05edd2b4043.jpg
1031,https://i.pinimg.com/originals/b2/dd/e9/b2dde9c55d5b45e975cd10ac2570b6e4.jpg
1032,"https://images-na.ssl-images-amazon.com/images/I/41ASuk8E4ZL._SX326_BO1,204,203,200_.jpg"
1033,https://i.pinimg.com/474x/c9/dd/29/c9dd299356f8aeada1da65154860f184.jpg
1034,https://upload.wikimedia.org/wikipedia/en/thumb/6/60/The_100_book_cover.jpg/220px-The_100_book_cover.jpg
1035,https://tinboxtraveller.co.uk/wp-content/uploads/2019/09/Dan-yr-Ogof-caves.jpg
1036,https://images-na.ssl-images-amazon.com/images/I/41GG1Yzm5yL._SR600%2C315_PIWhiteStrip%2CBottomLeft%2C0%2C35_PIStarRatingFOUR%2CBottomLeft%2C360%2C-6_SR600%2C315_ZA9%2C445%2C290%2C400%2C400%2CAmazonEmberBold%2C12%2C4%2C0%2C0%2C5_SCLZZZZZZZ_FMpng_BG255%2C255%2C255.jpg
1037,https://i.gr-assets.com/images/S/compressed.photo.goodreads.com/books/1382639352l/18714830.jpg
1038,https://images-na.ssl-images-amazon.com/images/I/51w8OesWGGL._SY300_.jpg
1039,https://i.gr-assets.com/images/S/compressed.photo.goodreads.com/books/1215394344l/153800.jpg
1040,"https://images-na.ssl-images-amazon.com/images/I/51Txbat-8+L._SX331_BO1,204,203,200_.jpg"
1041,https://m.media-amazon.com/images/I/51jE7CC8EML.jpg
1042,https://i.gr-assets.com/images/S/compressed.photo.goodreads.com/books/1334218324l/13530224.jpg
1043,https://upload.wikimedia.org/wikipedia/commons/6/64/The_King_in_Yellow.jpg
1044,https://images-na.ssl-images-amazon.com/images/I/51JcSIkWFtL.jpg
1045,https://images-na.ssl-images-amazon.com/images/I/81BDXpbujaL.jpg
1046,https://i.gr-assets.com/images/S/compressed.photo.goodreads.com/books/1437550451l/24300246._SY475_.jpg
1047,https://images-na.ssl-images-amazon.com/images/I/91FGUTwLdqL.jpg
1048,https://imgv2-2-f.scribdassets.com/img/word_document/293281222/original/418bd40df1/1602920329?v=1
1049,https://m.media-amazon.com/images/I/51nHvuELeEL.jpg
1050,https://images-eu.ssl-images-amazon.com/images/I/51VEqwcaXlL._SY445_QL70_ML2_.jpg
1051,https://i.pinimg.com/originals/91/8a/09/918a09e1c19987243d78bd2c7ab8cdc4.jpg
1052,https://www.vivianamberville.com/content-image/page/vivian-amberville-the-weaver-of-odds-book-cover.jpg
1053,https://i.gr-assets.com/images/S/compressed.photo.goodreads.com/books/1423238461l/24807756.jpg
1054,https://images-na.ssl-images-amazon.com/images/I/51bMq%2BsYObL._SX342_SY445_QL70_ML2_.jpg
1055,"https://i.gr-assets.com/images/S/compressed.photo.goodreads.com/books/1578921630i/50428112._SR1200,630_.jpg"
1056,https://images-na.ssl-images-amazon.com/images/I/91bW5NXWBbL.jpg
1057,https://upload.wikimedia.org/wikipedia/en/thumb/1/10/Six_of_Crows_by_Leigh_Bardugo_book_cover.jpeg/220px-Six_of_Crows_by_Leigh_Bardugo_book_cover.jpeg
1058,https://imgv2-1-f.scribdassets.com/img/word_document/398668205/original/216x287/5730434858/1581646564?v=1
1059,https://i.gr-assets.com/images/S/compressed.photo.goodreads.com/books/1548306717l/43594543._SY475_.jpg
1060,https://i2.wp.com/thhernandez.com/wp-content/uploads/2019/08/ORV-e1565227803959.jpg?resize=350%2C525
1061,https://images-platform.99static.com//UKq8KddjV1DdCpDbQqAO9dp8Igo=/fit-in/500x500/projects-files/71/7164/716482/6e857b49-af75-4902-a7fa-122b4fd32686.jpg
1062,https://images-na.ssl-images-amazon.com/images/I/81jK+erat4L.jpg
1063,https://i.pinimg.com/474x/37/b3/08/37b30841f0885143116b0c05886d5fa6.jpg
1064,https://i.gr-assets.com/images/S/compressed.photo.goodreads.com/books/1590684034l/53575613._SY475_.jpg
1065,https://i.gr-assets.com/images/S/compressed.photo.goodreads.com/books/1598706736l/55160645._SY475_.jpg
1066,https://upload.wikimedia.org/wikipedia/en/thumb/2/26/Worldbinder.jpg/220px-Worldbinder.jpg
1067,"https://images-na.ssl-images-amazon.com/images/I/41S3MIknfyL._SX327_BO1,204,203,200_.jpg"
1068,https://encrypted-tbn0.gstatic.com/images?q=tbn:ANd9GcQyGKw7loiETK0-aHlxMuToatZ9Vnh35nKxcg&usqp=CAU
1069,https://i.gr-assets.com/images/S/compressed.photo.goodreads.com/books/1329253491l/11221046.jpg
1070,https://images-na.ssl-images-amazon.com/images/I/61DcuisPh3L._SX342_SY445_QL70_ML2_.jpg
1071,https://i.gr-assets.com/images/S/compressed.photo.goodreads.com/books/1392224823l/17399160.jpg
1072,https://i.gr-assets.com/images/S/compressed.photo.goodreads.com/books/1353001073i/16100410._UY200_.jpg
1073,https://images-na.ssl-images-amazon.com/images/I/41VU6Qh8XfL.jpg
1074,https://i.gr-assets.com/images/S/compressed.photo.goodreads.com/books/1254730106l/6940235.jpg
1075,"https://images-na.ssl-images-amazon.com/images/I/51OzJedLgrL._SX326_BO1,204,203,200_.jpg"
1076,https://mir-s3-cdn-cf.behance.net/project_modules/max_1200/3a126922530823.56314344e18f7.jpg
1077,https://images-na.ssl-images-amazon.com/images/I/51Ja7zsh8yL._SX342_SY445_QL70_ML2_.jpg
1078,https://images-na.ssl-images-amazon.com/images/I/91Yw8aYU7cL.jpg
1079,"https://images-na.ssl-images-amazon.com/images/I/41jOhOIfFML._SX295_BO1,204,203,200_.jpg"
1080,https://theswordtounitedotcom.files.wordpress.com/2017/08/61mq1dgc9ml.jpg?w=667
1081,https://mono-inc.com/home/wp-content/uploads/2019/11/MONO-INC.-The-Book-Of-Fire-1500x1500px.jpg
1082,https://t1.bookpage.com/posts/images/18555925f71bf0b03fb02791ea7559ff/original.jpg
1083,https://upload.wikimedia.org/wikipedia/en/6/69/Perksofbeingwallflower1.jpg
1084,https://static.wikia.nocookie.net/thecasterchronicles/images/a/a8/Beautiful-creatures-book-cover-image.jpg/revision/latest/scale-to-width-down/340?cb=20120302110859
1085,https://allauthor.com/book/big/413620191125002142.jpg
1086,https://i.gr-assets.com/images/S/compressed.photo.goodreads.com/books/1544362470l/43181675._SY475_.jpg
1087,https://images-na.ssl-images-amazon.com/images/I/71xXE7RPtLL.jpg
1088,https://i.gr-assets.com/images/S/compressed.photo.goodreads.com/books/1487611410l/34352236._SY475_.jpg
1089,https://static.wikia.nocookie.net/emberverse/images/0/04/Dies_the_Fire_Cover.jpg/revision/latest?cb=20101204165630
1090,"https://images-na.ssl-images-amazon.com/images/I/514Z0d-+d1L._SX331_BO1,204,203,200_.jpg"
1091,"https://images-na.ssl-images-amazon.com/images/I/51mGNvT2ldL._SX331_BO1,204,203,200_.jpg"
1092,https://m.media-amazon.com/images/I/51wMQWWt+gL.jpg
1093,"https://images-na.ssl-images-amazon.com/images/I/51LQkk89HbL._SX322_BO1,204,203,200_.jpg"
1094,https://mytrainofthoughtson.files.wordpress.com/2015/06/winterfinding.png
1095,"https://images-na.ssl-images-amazon.com/images/I/51cQoG1fdcL._SX300_BO1,204,203,200_.jpg"
1096,https://images-na.ssl-images-amazon.com/images/I/51VAk4wpBgL._SX342_SY445_QL70_ML2_.jpg
1097,https://m.media-amazon.com/images/I/51we6KVhrxL.jpg
1098,"https://images-na.ssl-images-amazon.com/images/I/51Qyn0Nz04L._SX322_BO1,204,203,200_.jpg"
1099,https://images-na.ssl-images-amazon.com/images/I/81QzSmuIh2L.jpg
